[
  {
    "model": "swap_user_named_email.namedemailuser",
    "pk": 1,
    "fields": {
      "password": "pbkdf2_sha256$150000$Pq9VdD5eOgnW$Kl/iK9xJAVHd+u5t9d2mcHqs/Ee15IDIC6MqjOtEdWU=",
      "last_login": null,
      "is_superuser": true,
      "email": "api@evrone.com",
      "is_active": true,
      "is_staff": true,
      "first_name": "",
      "last_name": "",
      "groups": [],
      "user_permissions": []
    }
  },
  {
    "model": "swap_user_named_email.namedemailuser",
    "pk": 2,
    "fields": {
      "password": "pbkdf2_sha256$150000$GtGvVX8LG7YO$c7sFjR179wE4QC7SsNpIbMIyLE9GUD9/vqzldUu+4Bo=",
      "last_login": null,
      "is_superuser": true,
      "email": "ds.ionin@evrone.com",
      "is_active": true,
      "is_staff": true,
      "first_name": "",
      "last_name": "",
      "groups": [],
      "user_permissions": []
    }
  },
  {
    "model": "swap_user_named_email.namedemailuser",
    "pk": 3,
    "fields": {
      "password": "pbkdf2_sha256$150000$NsS1SlOL6qnU$TAW6sm7S8VSllhLKpIIbm5UdJ6xjQ6xjeFHdXrTOKVw=",
      "last_login": null,
      "is_superuser": true,
      "email": "savoskin@evrone.com",
      "is_active": true,
      "is_staff": true,
      "first_name": "",
      "last_name": "",
      "groups": [],
      "user_permissions": []
    }
  },
  {
    "model": "swap_user_named_email.namedemailuser",
    "pk": 4,
    "fields": {
      "password": "pbkdf2_sha256$150000$OdLNprvGdgKM$ekYO6IHcyp6kPFEWxTXiGgvw4r2wM3cDn6dZPKEVhcc=",
      "last_login": null,
      "is_superuser": true,
      "email": "og@evrone.com",
      "is_active": true,
      "is_staff": true,
      "first_name": "",
      "last_name": "",
      "groups": [],
      "user_permissions": []
    }
  },
  {
    "model": "swap_user_named_email.namedemailuser",
    "pk": 5,
    "fields": {
      "password": "pbkdf2_sha256$150000$omzdavRTSGop$JcxDkJyv6CKe3wxbyEpekrEMyhUFsa1iQJVB5kgsnlQ=",
      "last_login": null,
      "is_superuser": true,
      "email": "michaelbehestaein@evrone.com",
      "is_active": true,
      "is_staff": true,
      "first_name": "",
      "last_name": "",
      "groups": [],
      "user_permissions": []
    }
  },
  {
    "model": "users.client",
    "pk": 1,
    "fields": {
      "created": "2020-10-01T01:59:50.886Z",
      "changed": "2020-10-01T01:59:50.894Z",
      "stripe_id": "cus_HsLFiIYxwKsoOC",
      "user": 1,
      "subscription": null,
      "main_card": null,
      "main_phone": 1,
      "main_address": 1,
      "detergents": null,
      "starch": null,
      "no_crease": null,
      "fabric_softener": false,
      "fix_tears": false,
      "is_auto_billing": true
    }
  },
  {
    "model": "users.client",
    "pk": 2,
    "fields": {
      "created": "2020-10-01T01:59:51.009Z",
      "changed": "2020-10-01T01:59:51.014Z",
      "stripe_id": "cus_HxSYa6ACuzQdtS",
      "user": 2,
      "subscription": null,
      "main_card": null,
      "main_phone": 2,
      "main_address": 2,
      "detergents": null,
      "starch": null,
      "no_crease": null,
      "fabric_softener": false,
      "fix_tears": false,
      "is_auto_billing": true
    }
  },
  {
    "model": "users.client",
    "pk": 3,
    "fields": {
      "created": "2020-10-01T01:59:51.136Z",
      "changed": "2020-10-01T01:59:51.141Z",
      "stripe_id": "cus_HxSYL19Joq6KTq",
      "user": 3,
      "subscription": null,
      "main_card": null,
      "main_phone": 3,
      "main_address": null,
      "detergents": null,
      "starch": null,
      "no_crease": null,
      "fabric_softener": false,
      "fix_tears": false,
      "is_auto_billing": true
    }
  },
  {
    "model": "users.client",
    "pk": 4,
    "fields": {
      "created": "2020-10-01T01:59:51.249Z",
      "changed": "2020-10-01T01:59:51.256Z",
      "stripe_id": "cus_HxSY7DuMrXnEc1",
      "user": 4,
      "subscription": null,
      "main_card": null,
      "main_phone": 4,
      "main_address": 3,
      "detergents": null,
      "starch": null,
      "no_crease": null,
      "fabric_softener": false,
      "fix_tears": false,
      "is_auto_billing": true
    }
  },
  {
    "model": "users.client",
    "pk": 5,
    "fields": {
      "created": "2020-10-01T01:59:51.359Z",
      "changed": "2020-10-01T02:04:35.372Z",
      "stripe_id": "cus_HxSY7DuMrXnEc0",
      "user": 5,
      "subscription": null,
      "main_card": null,
      "main_phone": 5,
      "main_address": 4,
      "detergents": null,
      "starch": null,
      "no_crease": null,
      "fabric_softener": false,
      "fix_tears": false,
      "is_auto_billing": true
    }
  },
  {
    "model": "billing.coupon",
    "pk": 1,
    "fields": {
      "created": "2020-10-01T01:59:51.442Z",
      "changed": "2020-10-01T01:59:51.442Z",
      "code": "AMOUNT",
      "description": "",
      "discount_by": "amount",
      "value_off": 1000,
      "end_date": "2020-10-01T01:59:51.392Z",
      "is_valid": true,
      "max_redemptions": 1,
      "kind": "FIRST"
    }
  },
  {
    "model": "billing.coupon",
    "pk": 2,
    "fields": {
      "created": "2020-10-01T01:59:51.462Z",
      "changed": "2020-10-01T01:59:51.462Z",
      "code": "PERCENTAGE",
      "description": "",
      "discount_by": "percentage",
      "value_off": 20,
      "end_date": "2020-10-01T01:59:51.461Z",
      "is_valid": true,
      "max_redemptions": 1,
      "kind": "FIRST"
    }
  },
  {
    "model": "subscriptions.package",
    "pk": 1,
    "fields": {
      "created": "2020-10-01T01:59:40.438Z",
      "changed": "2020-10-01T01:59:40.438Z",
      "price": 0,
      "dry_clean": 0,
      "laundry": 0,
      "alterations": 0,
      "wash_fold": 0,
      "has_delivery": false,
      "has_welcome_box": false,
      "has_seasonal_garment": false,
      "has_credit_back": false,
      "is_most_popular": false,
      "name": "payc",
      "description": "Pay as You Clean"
    }
  },
  {
    "model": "subscriptions.package",
    "pk": 2,
    "fields": {
      "created": "2020-10-01T01:59:40.457Z",
      "changed": "2020-10-01T01:59:40.457Z",
      "price": 19900,
      "dry_clean": 10,
      "laundry": 10,
      "alterations": 10,
      "wash_fold": 10,
      "has_delivery": true,
      "has_welcome_box": true,
      "has_seasonal_garment": false,
      "has_credit_back": false,
      "is_most_popular": false,
      "name": "gold",
      "description": "Pre Pay Credit"
    }
  },
  {
    "model": "subscriptions.package",
    "pk": 3,
    "fields": {
      "created": "2020-10-01T01:59:40.481Z",
      "changed": "2020-10-01T01:59:40.481Z",
      "price": 29900,
      "dry_clean": 20,
      "laundry": 20,
      "alterations": 20,
      "wash_fold": 20,
      "has_delivery": true,
      "has_welcome_box": true,
      "has_seasonal_garment": true,
      "has_credit_back": true,
      "is_most_popular": true,
      "name": "platinum",
      "description": "Pre Pay Credit"
    }
  },
  {
    "model": "core.phone",
    "pk": 1,
    "fields": {
      "created": "2020-10-01T01:59:50.890Z",
      "changed": "2020-10-01T01:59:50.890Z",
      "client": 1,
      "number": "+79261213702"
    }
  },
  {
    "model": "core.phone",
    "pk": 2,
    "fields": {
      "created": "2020-10-01T01:59:51.011Z",
      "changed": "2020-10-01T01:59:51.011Z",
      "client": 2,
      "number": "+79150321367"
    }
  },
  {
    "model": "core.phone",
    "pk": 3,
    "fields": {
      "created": "2020-10-01T01:59:51.139Z",
      "changed": "2020-10-01T01:59:51.139Z",
      "client": 3,
      "number": "+15052302133"
    }
  },
  {
    "model": "core.phone",
    "pk": 4,
    "fields": {
      "created": "2020-10-01T01:59:51.253Z",
      "changed": "2020-10-01T01:59:51.253Z",
      "client": 4,
      "number": "+14152994883"
    }
  },
  {
    "model": "core.phone",
    "pk": 5,
    "fields": {
      "created": "2020-10-01T01:59:51.362Z",
      "changed": "2020-10-01T01:59:51.362Z",
      "client": 5,
      "number": "+14086660079"
    }
  },
  {
    "model": "locations.city",
    "pk": 1,
    "fields": {
      "created": "2020-10-01T01:59:40.523Z",
      "changed": "2020-10-01T01:59:40.523Z",
      "name": "Atherton",
      "zip_code_list": [
        1
      ]
    }
  },
  {
    "model": "locations.city",
    "pk": 2,
    "fields": {
      "created": "2020-10-01T01:59:40.568Z",
      "changed": "2020-10-01T01:59:40.568Z",
      "name": "Belmont",
      "zip_code_list": [
        2
      ]
    }
  },
  {
    "model": "locations.city",
    "pk": 3,
    "fields": {
      "created": "2020-10-01T01:59:40.623Z",
      "changed": "2020-10-01T01:59:40.623Z",
      "name": "Burlingame",
      "zip_code_list": [
        3
      ]
    }
  },
  {
    "model": "locations.city",
    "pk": 4,
    "fields": {
      "created": "2020-10-01T01:59:40.675Z",
      "changed": "2020-10-01T01:59:40.675Z",
      "name": "Campbell",
      "zip_code_list": [
        4,
        5,
        6
      ]
    }
  },
  {
    "model": "locations.city",
    "pk": 5,
    "fields": {
      "created": "2020-10-01T01:59:40.763Z",
      "changed": "2020-10-01T01:59:40.763Z",
      "name": "Cupertino",
      "zip_code_list": [
        7,
        8
      ]
    }
  },
  {
    "model": "locations.city",
    "pk": 6,
    "fields": {
      "created": "2020-10-01T01:59:40.830Z",
      "changed": "2020-10-01T01:59:40.830Z",
      "name": "Foster City",
      "zip_code_list": [
        9
      ]
    }
  },
  {
    "model": "locations.city",
    "pk": 7,
    "fields": {
      "created": "2020-10-01T01:59:40.875Z",
      "changed": "2020-10-01T01:59:40.875Z",
      "name": "Hillsborough",
      "zip_code_list": [
        10
      ]
    }
  },
  {
    "model": "locations.city",
    "pk": 8,
    "fields": {
      "created": "2020-10-01T01:59:40.921Z",
      "changed": "2020-10-01T01:59:40.921Z",
      "name": "Palo Alto",
      "zip_code_list": [
        11,
        12,
        13,
        14,
        15,
        16
      ]
    }
  },
  {
    "model": "locations.city",
    "pk": 9,
    "fields": {
      "created": "2020-10-01T01:59:41.065Z",
      "changed": "2020-10-01T01:59:41.065Z",
      "name": "Portola Valley",
      "zip_code_list": [
        17,
        18,
        19
      ]
    }
  },
  {
    "model": "locations.city",
    "pk": 10,
    "fields": {
      "created": "2020-10-01T01:59:41.163Z",
      "changed": "2020-10-01T01:59:41.163Z",
      "name": "Redwood City",
      "zip_code_list": [
        20,
        21,
        22,
        23,
        24
      ]
    }
  },
  {
    "model": "locations.city",
    "pk": 11,
    "fields": {
      "created": "2020-10-01T01:59:41.270Z",
      "changed": "2020-10-01T01:59:41.270Z",
      "name": "San Carlos",
      "zip_code_list": [
        25
      ]
    }
  },
  {
    "model": "locations.city",
    "pk": 12,
    "fields": {
      "created": "2020-10-01T01:59:41.319Z",
      "changed": "2020-10-01T01:59:41.319Z",
      "name": "San Mateo",
      "zip_code_list": [
        26,
        27,
        28,
        29
      ]
    }
  },
  {
    "model": "locations.city",
    "pk": 13,
    "fields": {
      "created": "2020-10-01T01:59:41.437Z",
      "changed": "2020-10-01T01:59:41.437Z",
      "name": "Santa Clara",
      "zip_code_list": [
        30,
        31,
        32,
        33,
        34,
        35,
        36
      ]
    }
  },
  {
    "model": "locations.city",
    "pk": 14,
    "fields": {
      "created": "2020-10-01T01:59:41.612Z",
      "changed": "2020-10-01T01:59:41.612Z",
      "name": "San Jose",
      "zip_code_list": [
        37,
        38,
        39,
        40,
        41,
        42,
        43,
        44,
        45,
        46,
        47,
        48,
        49,
        50,
        51,
        52,
        53,
        54,
        55,
        56,
        57,
        58,
        59,
        60,
        61,
        62,
        63,
        64,
        65,
        66,
        67,
        68,
        69,
        70,
        71,
        72,
        73
      ]
    }
  },
  {
    "model": "locations.city",
    "pk": 15,
    "fields": {
      "created": "2020-10-01T01:59:42.423Z",
      "changed": "2020-10-01T01:59:42.423Z",
      "name": "Los Altos",
      "zip_code_list": [
        74,
        75,
        76
      ]
    }
  },
  {
    "model": "locations.city",
    "pk": 16,
    "fields": {
      "created": "2020-10-01T01:59:42.498Z",
      "changed": "2020-10-01T01:59:42.499Z",
      "name": "Los Altos Hills",
      "zip_code_list": [
        74,
        75,
        76
      ]
    }
  },
  {
    "model": "locations.city",
    "pk": 17,
    "fields": {
      "created": "2020-10-01T01:59:42.570Z",
      "changed": "2020-10-01T01:59:42.570Z",
      "name": "Los Gatos",
      "zip_code_list": [
        77,
        78,
        79
      ]
    }
  },
  {
    "model": "locations.city",
    "pk": 18,
    "fields": {
      "created": "2020-10-01T01:59:42.682Z",
      "changed": "2020-10-01T01:59:42.683Z",
      "name": "Menlo Park",
      "zip_code_list": [
        17,
        18,
        19
      ]
    }
  },
  {
    "model": "locations.city",
    "pk": 19,
    "fields": {
      "created": "2020-10-01T01:59:42.769Z",
      "changed": "2020-10-01T01:59:42.769Z",
      "name": "Mountain View",
      "zip_code_list": [
        80,
        81,
        82,
        83
      ]
    }
  },
  {
    "model": "locations.city",
    "pk": 20,
    "fields": {
      "created": "2020-10-01T01:59:42.884Z",
      "changed": "2020-10-01T01:59:42.884Z",
      "name": "Saratoga",
      "zip_code_list": [
        84,
        85
      ]
    }
  },
  {
    "model": "locations.city",
    "pk": 21,
    "fields": {
      "created": "2020-10-01T01:59:42.947Z",
      "changed": "2020-10-01T01:59:42.947Z",
      "name": "Stanford",
      "zip_code_list": [
        11,
        12,
        13,
        14,
        15,
        16
      ]
    }
  },
  {
    "model": "locations.city",
    "pk": 22,
    "fields": {
      "created": "2020-10-01T01:59:43.062Z",
      "changed": "2020-10-01T01:59:43.062Z",
      "name": "Sunnyvale",
      "zip_code_list": [
        86,
        87,
        88,
        89
      ]
    }
  },
  {
    "model": "locations.zipcode",
    "pk": 1,
    "fields": {
      "created": "2020-10-01T01:59:40.541Z",
      "changed": "2020-10-01T01:59:40.541Z",
      "value": "94027"
    }
  },
  {
    "model": "locations.zipcode",
    "pk": 2,
    "fields": {
      "created": "2020-10-01T01:59:40.593Z",
      "changed": "2020-10-01T01:59:40.593Z",
      "value": "94002"
    }
  },
  {
    "model": "locations.zipcode",
    "pk": 3,
    "fields": {
      "created": "2020-10-01T01:59:40.642Z",
      "changed": "2020-10-01T01:59:40.642Z",
      "value": "94011"
    }
  },
  {
    "model": "locations.zipcode",
    "pk": 4,
    "fields": {
      "created": "2020-10-01T01:59:40.696Z",
      "changed": "2020-10-01T01:59:40.696Z",
      "value": "95008"
    }
  },
  {
    "model": "locations.zipcode",
    "pk": 5,
    "fields": {
      "created": "2020-10-01T01:59:40.720Z",
      "changed": "2020-10-01T01:59:40.720Z",
      "value": "95009"
    }
  },
  {
    "model": "locations.zipcode",
    "pk": 6,
    "fields": {
      "created": "2020-10-01T01:59:40.740Z",
      "changed": "2020-10-01T01:59:40.740Z",
      "value": "95011"
    }
  },
  {
    "model": "locations.zipcode",
    "pk": 7,
    "fields": {
      "created": "2020-10-01T01:59:40.785Z",
      "changed": "2020-10-01T01:59:40.785Z",
      "value": "95014"
    }
  },
  {
    "model": "locations.zipcode",
    "pk": 8,
    "fields": {
      "created": "2020-10-01T01:59:40.810Z",
      "changed": "2020-10-01T01:59:40.810Z",
      "value": "95015"
    }
  },
  {
    "model": "locations.zipcode",
    "pk": 9,
    "fields": {
      "created": "2020-10-01T01:59:40.852Z",
      "changed": "2020-10-01T01:59:40.852Z",
      "value": "94404"
    }
  },
  {
    "model": "locations.zipcode",
    "pk": 10,
    "fields": {
      "created": "2020-10-01T01:59:40.897Z",
      "changed": "2020-10-01T01:59:40.897Z",
      "value": "94010"
    }
  },
  {
    "model": "locations.zipcode",
    "pk": 11,
    "fields": {
      "created": "2020-10-01T01:59:40.940Z",
      "changed": "2020-10-01T01:59:42.956Z",
      "value": "94301"
    }
  },
  {
    "model": "locations.zipcode",
    "pk": 12,
    "fields": {
      "created": "2020-10-01T01:59:40.965Z",
      "changed": "2020-10-01T01:59:42.984Z",
      "value": "94302"
    }
  },
  {
    "model": "locations.zipcode",
    "pk": 13,
    "fields": {
      "created": "2020-10-01T01:59:40.984Z",
      "changed": "2020-10-01T01:59:42.999Z",
      "value": "94303"
    }
  },
  {
    "model": "locations.zipcode",
    "pk": 14,
    "fields": {
      "created": "2020-10-01T01:59:41.005Z",
      "changed": "2020-10-01T01:59:43.015Z",
      "value": "94304"
    }
  },
  {
    "model": "locations.zipcode",
    "pk": 15,
    "fields": {
      "created": "2020-10-01T01:59:41.025Z",
      "changed": "2020-10-01T01:59:43.029Z",
      "value": "94305"
    }
  },
  {
    "model": "locations.zipcode",
    "pk": 16,
    "fields": {
      "created": "2020-10-01T01:59:41.046Z",
      "changed": "2020-10-01T01:59:43.045Z",
      "value": "94306"
    }
  },
  {
    "model": "locations.zipcode",
    "pk": 17,
    "fields": {
      "created": "2020-10-01T01:59:41.086Z",
      "changed": "2020-10-01T01:59:42.700Z",
      "value": "94025"
    }
  },
  {
    "model": "locations.zipcode",
    "pk": 18,
    "fields": {
      "created": "2020-10-01T01:59:41.119Z",
      "changed": "2020-10-01T01:59:42.725Z",
      "value": "94026"
    }
  },
  {
    "model": "locations.zipcode",
    "pk": 19,
    "fields": {
      "created": "2020-10-01T01:59:41.138Z",
      "changed": "2020-10-01T01:59:42.746Z",
      "value": "94028"
    }
  },
  {
    "model": "locations.zipcode",
    "pk": 20,
    "fields": {
      "created": "2020-10-01T01:59:41.178Z",
      "changed": "2020-10-01T01:59:41.178Z",
      "value": "94061"
    }
  },
  {
    "model": "locations.zipcode",
    "pk": 21,
    "fields": {
      "created": "2020-10-01T01:59:41.200Z",
      "changed": "2020-10-01T01:59:41.200Z",
      "value": "94062"
    }
  },
  {
    "model": "locations.zipcode",
    "pk": 22,
    "fields": {
      "created": "2020-10-01T01:59:41.218Z",
      "changed": "2020-10-01T01:59:41.218Z",
      "value": "94063"
    }
  },
  {
    "model": "locations.zipcode",
    "pk": 23,
    "fields": {
      "created": "2020-10-01T01:59:41.235Z",
      "changed": "2020-10-01T01:59:41.235Z",
      "value": "94064"
    }
  },
  {
    "model": "locations.zipcode",
    "pk": 24,
    "fields": {
      "created": "2020-10-01T01:59:41.253Z",
      "changed": "2020-10-01T01:59:41.253Z",
      "value": "94065"
    }
  },
  {
    "model": "locations.zipcode",
    "pk": 25,
    "fields": {
      "created": "2020-10-01T01:59:41.286Z",
      "changed": "2020-10-01T01:59:41.287Z",
      "value": "94070"
    }
  },
  {
    "model": "locations.zipcode",
    "pk": 26,
    "fields": {
      "created": "2020-10-01T01:59:41.342Z",
      "changed": "2020-10-01T01:59:41.342Z",
      "value": "94401"
    }
  },
  {
    "model": "locations.zipcode",
    "pk": 27,
    "fields": {
      "created": "2020-10-01T01:59:41.369Z",
      "changed": "2020-10-01T01:59:41.369Z",
      "value": "94402"
    }
  },
  {
    "model": "locations.zipcode",
    "pk": 28,
    "fields": {
      "created": "2020-10-01T01:59:41.392Z",
      "changed": "2020-10-01T01:59:41.392Z",
      "value": "94403"
    }
  },
  {
    "model": "locations.zipcode",
    "pk": 29,
    "fields": {
      "created": "2020-10-01T01:59:41.414Z",
      "changed": "2020-10-01T01:59:41.414Z",
      "value": "94497"
    }
  },
  {
    "model": "locations.zipcode",
    "pk": 30,
    "fields": {
      "created": "2020-10-01T01:59:41.452Z",
      "changed": "2020-10-01T01:59:41.452Z",
      "value": "95050"
    }
  },
  {
    "model": "locations.zipcode",
    "pk": 31,
    "fields": {
      "created": "2020-10-01T01:59:41.491Z",
      "changed": "2020-10-01T01:59:41.491Z",
      "value": "95051"
    }
  },
  {
    "model": "locations.zipcode",
    "pk": 32,
    "fields": {
      "created": "2020-10-01T01:59:41.510Z",
      "changed": "2020-10-01T01:59:41.510Z",
      "value": "95052"
    }
  },
  {
    "model": "locations.zipcode",
    "pk": 33,
    "fields": {
      "created": "2020-10-01T01:59:41.530Z",
      "changed": "2020-10-01T01:59:41.530Z",
      "value": "95053"
    }
  },
  {
    "model": "locations.zipcode",
    "pk": 34,
    "fields": {
      "created": "2020-10-01T01:59:41.547Z",
      "changed": "2020-10-01T01:59:41.547Z",
      "value": "95054"
    }
  },
  {
    "model": "locations.zipcode",
    "pk": 35,
    "fields": {
      "created": "2020-10-01T01:59:41.565Z",
      "changed": "2020-10-01T01:59:41.565Z",
      "value": "95055"
    }
  },
  {
    "model": "locations.zipcode",
    "pk": 36,
    "fields": {
      "created": "2020-10-01T01:59:41.589Z",
      "changed": "2020-10-01T01:59:41.589Z",
      "value": "95056"
    }
  },
  {
    "model": "locations.zipcode",
    "pk": 37,
    "fields": {
      "created": "2020-10-01T01:59:41.632Z",
      "changed": "2020-10-01T01:59:41.632Z",
      "value": "94088"
    }
  },
  {
    "model": "locations.zipcode",
    "pk": 38,
    "fields": {
      "created": "2020-10-01T01:59:41.657Z",
      "changed": "2020-10-01T01:59:41.657Z",
      "value": "95106"
    }
  },
  {
    "model": "locations.zipcode",
    "pk": 39,
    "fields": {
      "created": "2020-10-01T01:59:41.676Z",
      "changed": "2020-10-01T01:59:41.676Z",
      "value": "95120"
    }
  },
  {
    "model": "locations.zipcode",
    "pk": 40,
    "fields": {
      "created": "2020-10-01T01:59:41.696Z",
      "changed": "2020-10-01T01:59:41.696Z",
      "value": "95124"
    }
  },
  {
    "model": "locations.zipcode",
    "pk": 41,
    "fields": {
      "created": "2020-10-01T01:59:41.715Z",
      "changed": "2020-10-01T01:59:41.715Z",
      "value": "95128"
    }
  },
  {
    "model": "locations.zipcode",
    "pk": 42,
    "fields": {
      "created": "2020-10-01T01:59:41.734Z",
      "changed": "2020-10-01T01:59:41.734Z",
      "value": "95153"
    }
  },
  {
    "model": "locations.zipcode",
    "pk": 43,
    "fields": {
      "created": "2020-10-01T01:59:41.754Z",
      "changed": "2020-10-01T01:59:41.754Z",
      "value": "95157"
    }
  },
  {
    "model": "locations.zipcode",
    "pk": 44,
    "fields": {
      "created": "2020-10-01T01:59:41.772Z",
      "changed": "2020-10-01T01:59:41.772Z",
      "value": "95164"
    }
  },
  {
    "model": "locations.zipcode",
    "pk": 45,
    "fields": {
      "created": "2020-10-01T01:59:41.792Z",
      "changed": "2020-10-01T01:59:41.792Z",
      "value": "95190"
    }
  },
  {
    "model": "locations.zipcode",
    "pk": 46,
    "fields": {
      "created": "2020-10-01T01:59:41.812Z",
      "changed": "2020-10-01T01:59:41.812Z",
      "value": "95194"
    }
  },
  {
    "model": "locations.zipcode",
    "pk": 47,
    "fields": {
      "created": "2020-10-01T01:59:41.831Z",
      "changed": "2020-10-01T01:59:41.831Z",
      "value": "95108"
    }
  },
  {
    "model": "locations.zipcode",
    "pk": 48,
    "fields": {
      "created": "2020-10-01T01:59:41.854Z",
      "changed": "2020-10-01T01:59:41.854Z",
      "value": "95112"
    }
  },
  {
    "model": "locations.zipcode",
    "pk": 49,
    "fields": {
      "created": "2020-10-01T01:59:41.877Z",
      "changed": "2020-10-01T01:59:41.877Z",
      "value": "95117"
    }
  },
  {
    "model": "locations.zipcode",
    "pk": 50,
    "fields": {
      "created": "2020-10-01T01:59:41.900Z",
      "changed": "2020-10-01T01:59:41.900Z",
      "value": "95125"
    }
  },
  {
    "model": "locations.zipcode",
    "pk": 51,
    "fields": {
      "created": "2020-10-01T01:59:41.928Z",
      "changed": "2020-10-01T01:59:41.928Z",
      "value": "95129"
    }
  },
  {
    "model": "locations.zipcode",
    "pk": 52,
    "fields": {
      "created": "2020-10-01T01:59:41.950Z",
      "changed": "2020-10-01T01:59:41.950Z",
      "value": "95154"
    }
  },
  {
    "model": "locations.zipcode",
    "pk": 53,
    "fields": {
      "created": "2020-10-01T01:59:41.970Z",
      "changed": "2020-10-01T01:59:41.970Z",
      "value": "95158"
    }
  },
  {
    "model": "locations.zipcode",
    "pk": 54,
    "fields": {
      "created": "2020-10-01T01:59:41.988Z",
      "changed": "2020-10-01T01:59:41.988Z",
      "value": "95170"
    }
  },
  {
    "model": "locations.zipcode",
    "pk": 55,
    "fields": {
      "created": "2020-10-01T01:59:42.007Z",
      "changed": "2020-10-01T01:59:42.007Z",
      "value": "95191"
    }
  },
  {
    "model": "locations.zipcode",
    "pk": 56,
    "fields": {
      "created": "2020-10-01T01:59:42.027Z",
      "changed": "2020-10-01T01:59:42.027Z",
      "value": "95196"
    }
  },
  {
    "model": "locations.zipcode",
    "pk": 57,
    "fields": {
      "created": "2020-10-01T01:59:42.046Z",
      "changed": "2020-10-01T01:59:42.046Z",
      "value": "95109"
    }
  },
  {
    "model": "locations.zipcode",
    "pk": 58,
    "fields": {
      "created": "2020-10-01T01:59:42.065Z",
      "changed": "2020-10-01T01:59:42.065Z",
      "value": "95113"
    }
  },
  {
    "model": "locations.zipcode",
    "pk": 59,
    "fields": {
      "created": "2020-10-01T01:59:42.087Z",
      "changed": "2020-10-01T01:59:42.087Z",
      "value": "95118"
    }
  },
  {
    "model": "locations.zipcode",
    "pk": 60,
    "fields": {
      "created": "2020-10-01T01:59:42.117Z",
      "changed": "2020-10-01T01:59:42.117Z",
      "value": "95126"
    }
  },
  {
    "model": "locations.zipcode",
    "pk": 61,
    "fields": {
      "created": "2020-10-01T01:59:42.142Z",
      "changed": "2020-10-01T01:59:42.142Z",
      "value": "95130"
    }
  },
  {
    "model": "locations.zipcode",
    "pk": 62,
    "fields": {
      "created": "2020-10-01T01:59:42.160Z",
      "changed": "2020-10-01T01:59:42.160Z",
      "value": "95134"
    }
  },
  {
    "model": "locations.zipcode",
    "pk": 63,
    "fields": {
      "created": "2020-10-01T01:59:42.177Z",
      "changed": "2020-10-01T01:59:42.177Z",
      "value": "95155"
    }
  },
  {
    "model": "locations.zipcode",
    "pk": 64,
    "fields": {
      "created": "2020-10-01T01:59:42.195Z",
      "changed": "2020-10-01T01:59:42.195Z",
      "value": "95160"
    }
  },
  {
    "model": "locations.zipcode",
    "pk": 65,
    "fields": {
      "created": "2020-10-01T01:59:42.214Z",
      "changed": "2020-10-01T01:59:42.214Z",
      "value": "95172"
    }
  },
  {
    "model": "locations.zipcode",
    "pk": 66,
    "fields": {
      "created": "2020-10-01T01:59:42.233Z",
      "changed": "2020-10-01T01:59:42.233Z",
      "value": "95192"
    }
  },
  {
    "model": "locations.zipcode",
    "pk": 67,
    "fields": {
      "created": "2020-10-01T01:59:42.254Z",
      "changed": "2020-10-01T01:59:42.254Z",
      "value": "95002"
    }
  },
  {
    "model": "locations.zipcode",
    "pk": 68,
    "fields": {
      "created": "2020-10-01T01:59:42.273Z",
      "changed": "2020-10-01T01:59:42.273Z",
      "value": "95103"
    }
  },
  {
    "model": "locations.zipcode",
    "pk": 69,
    "fields": {
      "created": "2020-10-01T01:59:42.294Z",
      "changed": "2020-10-01T01:59:42.294Z",
      "value": "95110"
    }
  },
  {
    "model": "locations.zipcode",
    "pk": 70,
    "fields": {
      "created": "2020-10-01T01:59:42.329Z",
      "changed": "2020-10-01T01:59:42.329Z",
      "value": "95115"
    }
  },
  {
    "model": "locations.zipcode",
    "pk": 71,
    "fields": {
      "created": "2020-10-01T01:59:42.364Z",
      "changed": "2020-10-01T01:59:42.364Z",
      "value": "95123"
    }
  },
  {
    "model": "locations.zipcode",
    "pk": 72,
    "fields": {
      "created": "2020-10-01T01:59:42.384Z",
      "changed": "2020-10-01T01:59:42.384Z",
      "value": "95173"
    }
  },
  {
    "model": "locations.zipcode",
    "pk": 73,
    "fields": {
      "created": "2020-10-01T01:59:42.404Z",
      "changed": "2020-10-01T01:59:42.404Z",
      "value": "95193"
    }
  },
  {
    "model": "locations.zipcode",
    "pk": 74,
    "fields": {
      "created": "2020-10-01T01:59:42.440Z",
      "changed": "2020-10-01T01:59:42.508Z",
      "value": "94022"
    }
  },
  {
    "model": "locations.zipcode",
    "pk": 75,
    "fields": {
      "created": "2020-10-01T01:59:42.462Z",
      "changed": "2020-10-01T01:59:42.533Z",
      "value": "94023"
    }
  },
  {
    "model": "locations.zipcode",
    "pk": 76,
    "fields": {
      "created": "2020-10-01T01:59:42.481Z",
      "changed": "2020-10-01T01:59:42.551Z",
      "value": "94024"
    }
  },
  {
    "model": "locations.zipcode",
    "pk": 77,
    "fields": {
      "created": "2020-10-01T01:59:42.591Z",
      "changed": "2020-10-01T01:59:42.591Z",
      "value": "95030"
    }
  },
  {
    "model": "locations.zipcode",
    "pk": 78,
    "fields": {
      "created": "2020-10-01T01:59:42.635Z",
      "changed": "2020-10-01T01:59:42.635Z",
      "value": "95032"
    }
  },
  {
    "model": "locations.zipcode",
    "pk": 79,
    "fields": {
      "created": "2020-10-01T01:59:42.657Z",
      "changed": "2020-10-01T01:59:42.657Z",
      "value": "95033"
    }
  },
  {
    "model": "locations.zipcode",
    "pk": 80,
    "fields": {
      "created": "2020-10-01T01:59:42.793Z",
      "changed": "2020-10-01T01:59:42.793Z",
      "value": "94040"
    }
  },
  {
    "model": "locations.zipcode",
    "pk": 81,
    "fields": {
      "created": "2020-10-01T01:59:42.815Z",
      "changed": "2020-10-01T01:59:42.815Z",
      "value": "94041"
    }
  },
  {
    "model": "locations.zipcode",
    "pk": 82,
    "fields": {
      "created": "2020-10-01T01:59:42.838Z",
      "changed": "2020-10-01T01:59:42.838Z",
      "value": "94042"
    }
  },
  {
    "model": "locations.zipcode",
    "pk": 83,
    "fields": {
      "created": "2020-10-01T01:59:42.861Z",
      "changed": "2020-10-01T01:59:42.861Z",
      "value": "94043"
    }
  },
  {
    "model": "locations.zipcode",
    "pk": 84,
    "fields": {
      "created": "2020-10-01T01:59:42.901Z",
      "changed": "2020-10-01T01:59:42.901Z",
      "value": "95070"
    }
  },
  {
    "model": "locations.zipcode",
    "pk": 85,
    "fields": {
      "created": "2020-10-01T01:59:42.927Z",
      "changed": "2020-10-01T01:59:42.927Z",
      "value": "95071"
    }
  },
  {
    "model": "locations.zipcode",
    "pk": 86,
    "fields": {
      "created": "2020-10-01T01:59:43.094Z",
      "changed": "2020-10-01T01:59:43.094Z",
      "value": "94085"
    }
  },
  {
    "model": "locations.zipcode",
    "pk": 87,
    "fields": {
      "created": "2020-10-01T01:59:43.118Z",
      "changed": "2020-10-01T01:59:43.118Z",
      "value": "94086"
    }
  },
  {
    "model": "locations.zipcode",
    "pk": 88,
    "fields": {
      "created": "2020-10-01T01:59:43.136Z",
      "changed": "2020-10-01T01:59:43.136Z",
      "value": "94087"
    }
  },
  {
    "model": "locations.zipcode",
    "pk": 89,
    "fields": {
      "created": "2020-10-01T01:59:43.154Z",
      "changed": "2020-10-01T01:59:43.154Z",
      "value": "94089"
    }
  },
  {
    "model": "locations.address",
    "pk": 1,
    "fields": {
      "created": "2020-10-01T02:04:35.366Z",
      "changed": "2020-10-01T02:04:35.366Z",
      "client": 1,
      "zip_code": 18,
      "title": "Main",
      "address_line_1": "Amerika",
      "address_line_2": "Boston 1",
      "has_doorman": false
    }
  },
  {
    "model": "locations.address",
    "pk": 2,
    "fields": {
      "created": "2020-10-01T02:04:35.366Z",
      "changed": "2020-10-01T02:04:35.366Z",
      "client": 2,
      "zip_code": 18,
      "title": "Main",
      "address_line_1": "Amerika",
      "address_line_2": "Boston 2",
      "has_doorman": false
    }
  },
  {
    "model": "locations.address",
    "pk": 3,
    "fields": {
      "created": "2020-10-01T02:04:35.366Z",
      "changed": "2020-10-01T02:04:35.366Z",
      "client": 4,
      "zip_code": 18,
      "title": "Main",
      "address_line_1": "Amerika",
      "address_line_2": "Boston 3",
      "has_doorman": false
    }
  },
  {
    "model": "locations.address",
    "pk": 4,
    "fields": {
      "created": "2020-10-01T02:04:35.366Z",
      "changed": "2020-10-01T02:04:35.366Z",
      "client": 5,
      "zip_code": 18,
      "title": "Main",
      "address_line_1": "Amerika",
      "address_line_2": "Boston 4",
      "has_doorman": false
    }
  },
  {
    "model": "orders.item",
    "pk": 1,
    "fields": {
      "created": "2020-10-01T01:59:43.205Z",
      "changed": "2020-10-01T01:59:43.205Z",
      "title": "Blouse [Hang Press]",
      "image": "",
      "is_visible": false
    }
  },
  {
    "model": "orders.item",
    "pk": 2,
    "fields": {
      "created": "2020-10-01T01:59:43.249Z",
      "changed": "2020-10-01T01:59:44.234Z",
      "title": "Pants",
      "image": "",
      "is_visible": true
    }
  },
  {
    "model": "orders.item",
    "pk": 3,
    "fields": {
      "created": "2020-10-01T01:59:43.282Z",
      "changed": "2020-10-01T01:59:44.271Z",
      "title": "Jeans",
      "image": "",
      "is_visible": false
    }
  },
  {
    "model": "orders.item",
    "pk": 4,
    "fields": {
      "created": "2020-10-01T01:59:43.331Z",
      "changed": "2020-10-01T01:59:44.322Z",
      "title": "Polo",
      "image": "",
      "is_visible": true
    }
  },
  {
    "model": "orders.item",
    "pk": 5,
    "fields": {
      "created": "2020-10-01T01:59:43.377Z",
      "changed": "2020-10-01T01:59:44.442Z",
      "title": "Shirt",
      "image": "",
      "is_visible": true
    }
  },
  {
    "model": "orders.item",
    "pk": 6,
    "fields": {
      "created": "2020-10-01T01:59:43.423Z",
      "changed": "2020-10-01T01:59:43.423Z",
      "title": "Shirt [Press + Hang] [Cotton]",
      "image": "",
      "is_visible": true
    }
  },
  {
    "model": "orders.item",
    "pk": 7,
    "fields": {
      "created": "2020-10-01T01:59:43.473Z",
      "changed": "2020-10-01T01:59:43.473Z",
      "title": "Shirt [Press + Fold] [Cotton]",
      "image": "",
      "is_visible": true
    }
  },
  {
    "model": "orders.item",
    "pk": 8,
    "fields": {
      "created": "2020-10-01T01:59:43.516Z",
      "changed": "2020-10-01T01:59:44.579Z",
      "title": "T-shirt",
      "image": "",
      "is_visible": false
    }
  },
  {
    "model": "orders.item",
    "pk": 9,
    "fields": {
      "created": "2020-10-01T01:59:43.553Z",
      "changed": "2020-10-01T01:59:44.626Z",
      "title": "Shorts",
      "image": "",
      "is_visible": true
    }
  },
  {
    "model": "orders.item",
    "pk": 10,
    "fields": {
      "created": "2020-10-01T01:59:43.608Z",
      "changed": "2020-10-01T01:59:43.608Z",
      "title": "Tuxedo Shirt",
      "image": "",
      "is_visible": true
    }
  },
  {
    "model": "orders.item",
    "pk": 11,
    "fields": {
      "created": "2020-10-01T01:59:43.688Z",
      "changed": "2020-10-01T01:59:43.689Z",
      "title": "Blouse",
      "image": "",
      "is_visible": true
    }
  },
  {
    "model": "orders.item",
    "pk": 12,
    "fields": {
      "created": "2020-10-01T01:59:43.732Z",
      "changed": "2020-10-01T01:59:43.732Z",
      "title": "Blouse [Hang-Press]",
      "image": "",
      "is_visible": false
    }
  },
  {
    "model": "orders.item",
    "pk": 13,
    "fields": {
      "created": "2020-10-01T01:59:43.799Z",
      "changed": "2020-10-01T01:59:43.799Z",
      "title": "Blazer",
      "image": "",
      "is_visible": true
    }
  },
  {
    "model": "orders.item",
    "pk": 14,
    "fields": {
      "created": "2020-10-01T01:59:43.845Z",
      "changed": "2020-10-01T01:59:43.845Z",
      "title": "Coat [Reg]",
      "image": "",
      "is_visible": true
    }
  },
  {
    "model": "orders.item",
    "pk": 15,
    "fields": {
      "created": "2020-10-01T01:59:43.905Z",
      "changed": "2020-10-01T01:59:43.905Z",
      "title": "Coat [Long]",
      "image": "",
      "is_visible": false
    }
  },
  {
    "model": "orders.item",
    "pk": 16,
    "fields": {
      "created": "2020-10-01T01:59:43.948Z",
      "changed": "2020-10-01T01:59:43.948Z",
      "title": "Coat [Full Length]",
      "image": "",
      "is_visible": false
    }
  },
  {
    "model": "orders.item",
    "pk": 17,
    "fields": {
      "created": "2020-10-01T01:59:43.993Z",
      "changed": "2020-10-01T01:59:43.993Z",
      "title": "Dress [Reg]",
      "image": "",
      "is_visible": true
    }
  },
  {
    "model": "orders.item",
    "pk": 18,
    "fields": {
      "created": "2020-10-01T01:59:44.032Z",
      "changed": "2020-10-01T01:59:44.761Z",
      "title": "Dress [Fancy]",
      "image": "",
      "is_visible": false
    }
  },
  {
    "model": "orders.item",
    "pk": 19,
    "fields": {
      "created": "2020-10-01T01:59:44.078Z",
      "changed": "2020-10-01T01:59:44.078Z",
      "title": "Dress [Grown] [Minimal price $29.95]",
      "image": "",
      "is_visible": true
    }
  },
  {
    "model": "orders.item",
    "pk": 20,
    "fields": {
      "created": "2020-10-01T01:59:44.169Z",
      "changed": "2020-10-01T01:59:44.169Z",
      "title": "Jacket [Reg]",
      "image": "",
      "is_visible": true
    }
  },
  {
    "model": "orders.item",
    "pk": 21,
    "fields": {
      "created": "2020-10-01T01:59:44.200Z",
      "changed": "2020-10-01T01:59:44.200Z",
      "title": "Jacket [Leather] [Minimal price $49.95]",
      "image": "",
      "is_visible": true
    }
  },
  {
    "model": "orders.item",
    "pk": 22,
    "fields": {
      "created": "2020-10-01T01:59:44.368Z",
      "changed": "2020-10-01T01:59:44.368Z",
      "title": "Scarf [Reg]",
      "image": "",
      "is_visible": true
    }
  },
  {
    "model": "orders.item",
    "pk": 23,
    "fields": {
      "created": "2020-10-01T01:59:44.402Z",
      "changed": "2020-10-01T01:59:44.402Z",
      "title": "Scarf or Shall [Large]",
      "image": "",
      "is_visible": false
    }
  },
  {
    "model": "orders.item",
    "pk": 24,
    "fields": {
      "created": "2020-10-01T01:59:44.485Z",
      "changed": "2020-10-01T01:59:44.485Z",
      "title": "Shirt Press + Fold [Cotton]",
      "image": "",
      "is_visible": false
    }
  },
  {
    "model": "orders.item",
    "pk": 25,
    "fields": {
      "created": "2020-10-01T01:59:44.534Z",
      "changed": "2020-10-01T01:59:44.535Z",
      "title": "Shirt Press + Hung [Cotton]",
      "image": "",
      "is_visible": false
    }
  },
  {
    "model": "orders.item",
    "pk": 26,
    "fields": {
      "created": "2020-10-01T01:59:44.668Z",
      "changed": "2020-10-01T01:59:44.668Z",
      "title": "Skirts [Reg]",
      "image": "",
      "is_visible": true
    }
  },
  {
    "model": "orders.item",
    "pk": 27,
    "fields": {
      "created": "2020-10-01T01:59:44.715Z",
      "changed": "2020-10-01T01:59:44.715Z",
      "title": "Skirts [Long]",
      "image": "",
      "is_visible": false
    }
  },
  {
    "model": "orders.item",
    "pk": 28,
    "fields": {
      "created": "2020-10-01T01:59:44.801Z",
      "changed": "2020-10-01T01:59:44.801Z",
      "title": "Sweater [Reg]",
      "image": "",
      "is_visible": true
    }
  },
  {
    "model": "orders.item",
    "pk": 29,
    "fields": {
      "created": "2020-10-01T01:59:44.846Z",
      "changed": "2020-10-01T01:59:44.846Z",
      "title": "Sweater [Heavy]",
      "image": "",
      "is_visible": false
    }
  },
  {
    "model": "orders.item",
    "pk": 30,
    "fields": {
      "created": "2020-10-01T01:59:44.893Z",
      "changed": "2020-10-01T01:59:44.893Z",
      "title": "Sweater [Body]",
      "image": "",
      "is_visible": false
    }
  },
  {
    "model": "orders.item",
    "pk": 31,
    "fields": {
      "created": "2020-10-01T01:59:44.936Z",
      "changed": "2020-10-01T01:59:44.936Z",
      "title": "Suits [2 Pcs]",
      "image": "",
      "is_visible": true
    }
  },
  {
    "model": "orders.item",
    "pk": 32,
    "fields": {
      "created": "2020-10-01T01:59:44.983Z",
      "changed": "2020-10-01T01:59:44.983Z",
      "title": "Suits [3 Pcs]",
      "image": "",
      "is_visible": false
    }
  },
  {
    "model": "orders.item",
    "pk": 33,
    "fields": {
      "created": "2020-10-01T01:59:45.020Z",
      "changed": "2020-10-01T01:59:45.020Z",
      "title": "Ties",
      "image": "",
      "is_visible": true
    }
  },
  {
    "model": "orders.item",
    "pk": 34,
    "fields": {
      "created": "2020-10-01T01:59:45.069Z",
      "changed": "2020-10-01T01:59:45.069Z",
      "title": "Tuxedo [2 Pcs]",
      "image": "",
      "is_visible": true
    }
  },
  {
    "model": "orders.item",
    "pk": 35,
    "fields": {
      "created": "2020-10-01T01:59:45.119Z",
      "changed": "2020-10-01T01:59:45.119Z",
      "title": "Tuxedo [3 Pcs]",
      "image": "",
      "is_visible": true
    }
  },
  {
    "model": "orders.item",
    "pk": 36,
    "fields": {
      "created": "2020-10-01T01:59:45.163Z",
      "changed": "2020-10-01T01:59:45.163Z",
      "title": "Tuxedo shirt",
      "image": "",
      "is_visible": false
    }
  },
  {
    "model": "orders.item",
    "pk": 37,
    "fields": {
      "created": "2020-10-01T01:59:45.211Z",
      "changed": "2020-10-01T01:59:45.211Z",
      "title": "Vest",
      "image": "",
      "is_visible": true
    }
  },
  {
    "model": "orders.item",
    "pk": 38,
    "fields": {
      "created": "2020-10-01T01:59:45.283Z",
      "changed": "2020-10-01T01:59:45.283Z",
      "title": "Option 1 [min 20 LBS]",
      "image": "",
      "is_visible": true
    }
  },
  {
    "model": "orders.item",
    "pk": 39,
    "fields": {
      "created": "2020-10-01T01:59:45.333Z",
      "changed": "2020-10-01T01:59:45.333Z",
      "title": "Option 2 [1 Bag]",
      "image": "",
      "is_visible": true
    }
  },
  {
    "model": "orders.item",
    "pk": 40,
    "fields": {
      "created": "2020-10-01T01:59:45.386Z",
      "changed": "2020-10-01T01:59:45.386Z",
      "title": "Option 2 [2 Bag]",
      "image": "",
      "is_visible": true
    }
  },
  {
    "model": "orders.item",
    "pk": 41,
    "fields": {
      "created": "2020-10-01T01:59:45.432Z",
      "changed": "2020-10-01T01:59:45.432Z",
      "title": "Option 2 [3 Bag]",
      "image": "",
      "is_visible": true
    }
  },
  {
    "model": "orders.item",
    "pk": 42,
    "fields": {
      "created": "2020-10-01T01:59:45.485Z",
      "changed": "2020-10-01T01:59:45.486Z",
      "title": "Option 2 [4 Bag]",
      "image": "",
      "is_visible": true
    }
  },
  {
    "model": "orders.item",
    "pk": 43,
    "fields": {
      "created": "2020-10-01T01:59:45.537Z",
      "changed": "2020-10-01T01:59:45.537Z",
      "title": "Option 2 [Each Bag thereafter 4 Bags] [$245 + $49 per Additional Bag]",
      "image": "",
      "is_visible": true
    }
  },
  {
    "model": "orders.item",
    "pk": 44,
    "fields": {
      "created": "2020-10-01T01:59:45.604Z",
      "changed": "2020-10-01T01:59:45.604Z",
      "title": "Bed Sheet [Set] [4 PCs]",
      "image": "",
      "is_visible": true
    }
  },
  {
    "model": "orders.item",
    "pk": 45,
    "fields": {
      "created": "2020-10-01T01:59:45.645Z",
      "changed": "2020-10-01T01:59:45.645Z",
      "title": "Bed Sheet [Single]",
      "image": "",
      "is_visible": true
    }
  },
  {
    "model": "orders.item",
    "pk": 46,
    "fields": {
      "created": "2020-10-01T01:59:45.692Z",
      "changed": "2020-10-01T01:59:45.692Z",
      "title": "Blanket [Single or Twin]",
      "image": "",
      "is_visible": true
    }
  },
  {
    "model": "orders.item",
    "pk": 47,
    "fields": {
      "created": "2020-10-01T01:59:45.746Z",
      "changed": "2020-10-01T01:59:45.746Z",
      "title": "Blanket [Q/K]",
      "image": "",
      "is_visible": false
    }
  },
  {
    "model": "orders.item",
    "pk": 48,
    "fields": {
      "created": "2020-10-01T01:59:45.799Z",
      "changed": "2020-10-01T01:59:45.799Z",
      "title": "Comforter [Single or Twin]",
      "image": "",
      "is_visible": true
    }
  },
  {
    "model": "orders.item",
    "pk": 49,
    "fields": {
      "created": "2020-10-01T01:59:45.848Z",
      "changed": "2020-10-01T01:59:45.848Z",
      "title": "Comforter [Q/K]",
      "image": "",
      "is_visible": false
    }
  },
  {
    "model": "orders.item",
    "pk": 50,
    "fields": {
      "created": "2020-10-01T01:59:45.885Z",
      "changed": "2020-10-01T01:59:45.885Z",
      "title": "Comforter [Down] [Signle Twin]",
      "image": "",
      "is_visible": true
    }
  },
  {
    "model": "orders.item",
    "pk": 51,
    "fields": {
      "created": "2020-10-01T01:59:45.938Z",
      "changed": "2020-10-01T01:59:45.938Z",
      "title": "Comforter [Down] [Q/K]",
      "image": "",
      "is_visible": false
    }
  },
  {
    "model": "orders.item",
    "pk": 52,
    "fields": {
      "created": "2020-10-01T01:59:45.983Z",
      "changed": "2020-10-01T01:59:45.983Z",
      "title": "Curtain [Per panel]",
      "image": "",
      "is_visible": true
    }
  },
  {
    "model": "orders.item",
    "pk": 53,
    "fields": {
      "created": "2020-10-01T01:59:46.017Z",
      "changed": "2020-10-01T01:59:46.017Z",
      "title": "Draperies [Short or Unlined]",
      "image": "",
      "is_visible": true
    }
  },
  {
    "model": "orders.item",
    "pk": 54,
    "fields": {
      "created": "2020-10-01T01:59:46.073Z",
      "changed": "2020-10-01T01:59:46.073Z",
      "title": "Draperies [Long or Lined]",
      "image": "",
      "is_visible": false
    }
  },
  {
    "model": "orders.item",
    "pk": 55,
    "fields": {
      "created": "2020-10-01T01:59:46.130Z",
      "changed": "2020-10-01T01:59:46.130Z",
      "title": "Napkin",
      "image": "",
      "is_visible": true
    }
  },
  {
    "model": "orders.item",
    "pk": 56,
    "fields": {
      "created": "2020-10-01T01:59:46.183Z",
      "changed": "2020-10-01T01:59:46.183Z",
      "title": "Pillow [Reg]",
      "image": "",
      "is_visible": true
    }
  },
  {
    "model": "orders.item",
    "pk": 57,
    "fields": {
      "created": "2020-10-01T01:59:46.235Z",
      "changed": "2020-10-01T01:59:46.235Z",
      "title": "Pillow [Med]",
      "image": "",
      "is_visible": false
    }
  },
  {
    "model": "orders.item",
    "pk": 58,
    "fields": {
      "created": "2020-10-01T01:59:46.285Z",
      "changed": "2020-10-01T01:59:46.285Z",
      "title": "Pillow [Large]",
      "image": "",
      "is_visible": false
    }
  },
  {
    "model": "orders.item",
    "pk": 59,
    "fields": {
      "created": "2020-10-01T01:59:46.344Z",
      "changed": "2020-10-01T01:59:46.344Z",
      "title": "Pillow [Ex-Large]",
      "image": "",
      "is_visible": false
    }
  },
  {
    "model": "orders.item",
    "pk": 60,
    "fields": {
      "created": "2020-10-01T01:59:46.392Z",
      "changed": "2020-10-01T01:59:46.392Z",
      "title": "Pillow [Case]",
      "image": "",
      "is_visible": true
    }
  },
  {
    "model": "orders.item",
    "pk": 61,
    "fields": {
      "created": "2020-10-01T01:59:46.448Z",
      "changed": "2020-10-01T01:59:46.448Z",
      "title": "Pillow [Sham]",
      "image": "",
      "is_visible": false
    }
  },
  {
    "model": "orders.item",
    "pk": 62,
    "fields": {
      "created": "2020-10-01T01:59:46.502Z",
      "changed": "2020-10-01T01:59:46.502Z",
      "title": "Sofa Cover",
      "image": "",
      "is_visible": true
    }
  },
  {
    "model": "orders.item",
    "pk": 63,
    "fields": {
      "created": "2020-10-01T01:59:46.559Z",
      "changed": "2020-10-01T01:59:46.559Z",
      "title": "Sofa Cover [Large]",
      "image": "",
      "is_visible": false
    }
  },
  {
    "model": "orders.item",
    "pk": 64,
    "fields": {
      "created": "2020-10-01T01:59:46.630Z",
      "changed": "2020-10-01T01:59:46.630Z",
      "title": "Sofa Cover [Ex-Large]",
      "image": "",
      "is_visible": false
    }
  },
  {
    "model": "orders.item",
    "pk": 65,
    "fields": {
      "created": "2020-10-01T01:59:46.677Z",
      "changed": "2020-10-01T01:59:46.677Z",
      "title": "Table Cloth [Small]",
      "image": "",
      "is_visible": true
    }
  },
  {
    "model": "orders.item",
    "pk": 66,
    "fields": {
      "created": "2020-10-01T01:59:46.723Z",
      "changed": "2020-10-01T01:59:46.723Z",
      "title": "Table Cloth [Large]",
      "image": "",
      "is_visible": false
    }
  },
  {
    "model": "orders.item",
    "pk": 67,
    "fields": {
      "created": "2020-10-01T01:59:46.781Z",
      "changed": "2020-10-01T01:59:46.781Z",
      "title": "Table Cloth [Ex-Large]",
      "image": "",
      "is_visible": false
    }
  },
  {
    "model": "orders.item",
    "pk": 68,
    "fields": {
      "created": "2020-10-01T01:59:46.862Z",
      "changed": "2020-10-01T01:59:46.863Z",
      "title": "Button Replacement [With Cleaning]",
      "image": "",
      "is_visible": true
    }
  },
  {
    "model": "orders.item",
    "pk": 69,
    "fields": {
      "created": "2020-10-01T01:59:46.900Z",
      "changed": "2020-10-01T01:59:46.983Z",
      "title": "Button Replacement [Without Cleaning]",
      "image": "",
      "is_visible": false
    }
  },
  {
    "model": "orders.item",
    "pk": 70,
    "fields": {
      "created": "2020-10-01T01:59:46.947Z",
      "changed": "2020-10-01T01:59:46.947Z",
      "title": "Button Replacement [Special] [Minimal Price $9.95]",
      "image": "",
      "is_visible": false
    }
  },
  {
    "model": "orders.item",
    "pk": 71,
    "fields": {
      "created": "2020-10-01T01:59:47.030Z",
      "changed": "2020-10-01T01:59:47.030Z",
      "title": "Blouse Hem [Reg]",
      "image": "",
      "is_visible": true
    }
  },
  {
    "model": "orders.item",
    "pk": 72,
    "fields": {
      "created": "2020-10-01T01:59:47.065Z",
      "changed": "2020-10-01T01:59:47.065Z",
      "title": "Blouse Sleeves [Reg]",
      "image": "",
      "is_visible": false
    }
  },
  {
    "model": "orders.item",
    "pk": 73,
    "fields": {
      "created": "2020-10-01T01:59:47.105Z",
      "changed": "2020-10-01T01:59:47.105Z",
      "title": "Blouse Taper [Reg]",
      "image": "",
      "is_visible": true
    }
  },
  {
    "model": "orders.item",
    "pk": 74,
    "fields": {
      "created": "2020-10-01T01:59:47.149Z",
      "changed": "2020-10-01T01:59:47.149Z",
      "title": "Blazer Sleeves [Reg]",
      "image": "",
      "is_visible": true
    }
  },
  {
    "model": "orders.item",
    "pk": 75,
    "fields": {
      "created": "2020-10-01T01:59:47.185Z",
      "changed": "2020-10-01T01:59:47.185Z",
      "title": "Blazer Hem [Reg]",
      "image": "",
      "is_visible": false
    }
  },
  {
    "model": "orders.item",
    "pk": 76,
    "fields": {
      "created": "2020-10-01T01:59:47.226Z",
      "changed": "2020-10-01T01:59:47.226Z",
      "title": "Blazer Shoulder [Reg]",
      "image": "",
      "is_visible": false
    }
  },
  {
    "model": "orders.item",
    "pk": 77,
    "fields": {
      "created": "2020-10-01T01:59:47.270Z",
      "changed": "2020-10-01T01:59:47.270Z",
      "title": "Blazer Taper [Reg]",
      "image": "",
      "is_visible": true
    }
  },
  {
    "model": "orders.item",
    "pk": 78,
    "fields": {
      "created": "2020-10-01T01:59:47.319Z",
      "changed": "2020-10-01T01:59:47.319Z",
      "title": "Coat Hem [Reg]",
      "image": "",
      "is_visible": false
    }
  },
  {
    "model": "orders.item",
    "pk": 79,
    "fields": {
      "created": "2020-10-01T01:59:47.381Z",
      "changed": "2020-10-01T01:59:47.381Z",
      "title": "Coat Sleeves [Reg]",
      "image": "",
      "is_visible": true
    }
  },
  {
    "model": "orders.item",
    "pk": 80,
    "fields": {
      "created": "2020-10-01T01:59:47.432Z",
      "changed": "2020-10-01T01:59:47.432Z",
      "title": "Coat Taper [Reg]",
      "image": "",
      "is_visible": false
    }
  },
  {
    "model": "orders.item",
    "pk": 81,
    "fields": {
      "created": "2020-10-01T01:59:47.476Z",
      "changed": "2020-10-01T01:59:47.476Z",
      "title": "Coat Shoulder [Reg]",
      "image": "",
      "is_visible": false
    }
  },
  {
    "model": "orders.item",
    "pk": 82,
    "fields": {
      "created": "2020-10-01T01:59:47.516Z",
      "changed": "2020-10-01T01:59:47.516Z",
      "title": "Coat Hem [Long]",
      "image": "",
      "is_visible": false
    }
  },
  {
    "model": "orders.item",
    "pk": 83,
    "fields": {
      "created": "2020-10-01T01:59:47.569Z",
      "changed": "2020-10-01T01:59:47.569Z",
      "title": "Coat Sleeves [Long]",
      "image": "",
      "is_visible": true
    }
  },
  {
    "model": "orders.item",
    "pk": 84,
    "fields": {
      "created": "2020-10-01T01:59:47.619Z",
      "changed": "2020-10-01T01:59:47.619Z",
      "title": "Coat Taper [Long]",
      "image": "",
      "is_visible": false
    }
  },
  {
    "model": "orders.item",
    "pk": 85,
    "fields": {
      "created": "2020-10-01T01:59:47.663Z",
      "changed": "2020-10-01T01:59:47.663Z",
      "title": "Coat Shoulder [Long]",
      "image": "",
      "is_visible": false
    }
  },
  {
    "model": "orders.item",
    "pk": 86,
    "fields": {
      "created": "2020-10-01T01:59:47.704Z",
      "changed": "2020-10-01T01:59:47.704Z",
      "title": "Coat Hem [Full Length]",
      "image": "",
      "is_visible": false
    }
  },
  {
    "model": "orders.item",
    "pk": 87,
    "fields": {
      "created": "2020-10-01T01:59:47.750Z",
      "changed": "2020-10-01T01:59:47.750Z",
      "title": "Coat Sleeves [Full Length]",
      "image": "",
      "is_visible": false
    }
  },
  {
    "model": "orders.item",
    "pk": 88,
    "fields": {
      "created": "2020-10-01T01:59:47.784Z",
      "changed": "2020-10-01T01:59:47.784Z",
      "title": "Coat Taper [Full Length]",
      "image": "",
      "is_visible": false
    }
  },
  {
    "model": "orders.item",
    "pk": 89,
    "fields": {
      "created": "2020-10-01T01:59:47.832Z",
      "changed": "2020-10-01T01:59:47.832Z",
      "title": "Coat Shoulder [Full Length]",
      "image": "",
      "is_visible": false
    }
  },
  {
    "model": "orders.item",
    "pk": 90,
    "fields": {
      "created": "2020-10-01T01:59:47.878Z",
      "changed": "2020-10-01T01:59:47.878Z",
      "title": "Dress Hem [Reg]",
      "image": "",
      "is_visible": true
    }
  },
  {
    "model": "orders.item",
    "pk": 91,
    "fields": {
      "created": "2020-10-01T01:59:47.920Z",
      "changed": "2020-10-01T01:59:47.920Z",
      "title": "Dress Taper [Reg]",
      "image": "",
      "is_visible": true
    }
  },
  {
    "model": "orders.item",
    "pk": 92,
    "fields": {
      "created": "2020-10-01T01:59:47.967Z",
      "changed": "2020-10-01T01:59:47.967Z",
      "title": "Dress Zipper [Reg]",
      "image": "",
      "is_visible": true
    }
  },
  {
    "model": "orders.item",
    "pk": 93,
    "fields": {
      "created": "2020-10-01T01:59:48.027Z",
      "changed": "2020-10-01T01:59:48.027Z",
      "title": "Dress Hem [Fancy]",
      "image": "",
      "is_visible": false
    }
  },
  {
    "model": "orders.item",
    "pk": 94,
    "fields": {
      "created": "2020-10-01T01:59:48.078Z",
      "changed": "2020-10-01T01:59:48.078Z",
      "title": "Dress Taper [Fancy]",
      "image": "",
      "is_visible": false
    }
  },
  {
    "model": "orders.item",
    "pk": 95,
    "fields": {
      "created": "2020-10-01T01:59:48.132Z",
      "changed": "2020-10-01T01:59:48.132Z",
      "title": "Dress Zipper [Fancy]",
      "image": "",
      "is_visible": false
    }
  },
  {
    "model": "orders.item",
    "pk": 96,
    "fields": {
      "created": "2020-10-01T01:59:48.186Z",
      "changed": "2020-10-01T01:59:48.186Z",
      "title": "Dress Hem [Gown]",
      "image": "",
      "is_visible": false
    }
  },
  {
    "model": "orders.item",
    "pk": 97,
    "fields": {
      "created": "2020-10-01T01:59:48.243Z",
      "changed": "2020-10-01T01:59:48.244Z",
      "title": "Dress Taper [Gown]",
      "image": "",
      "is_visible": false
    }
  },
  {
    "model": "orders.item",
    "pk": 98,
    "fields": {
      "created": "2020-10-01T01:59:48.293Z",
      "changed": "2020-10-01T01:59:48.293Z",
      "title": "Dress Zipper [Gown]",
      "image": "",
      "is_visible": false
    }
  },
  {
    "model": "orders.item",
    "pk": 99,
    "fields": {
      "created": "2020-10-01T01:59:48.341Z",
      "changed": "2020-10-01T01:59:48.341Z",
      "title": "Jacket Hem [Reg]",
      "image": "",
      "is_visible": false
    }
  },
  {
    "model": "orders.item",
    "pk": 100,
    "fields": {
      "created": "2020-10-01T01:59:48.399Z",
      "changed": "2020-10-01T01:59:48.399Z",
      "title": "Jacket Taper [Reg]",
      "image": "",
      "is_visible": false
    }
  },
  {
    "model": "orders.item",
    "pk": 101,
    "fields": {
      "created": "2020-10-01T01:59:48.451Z",
      "changed": "2020-10-01T01:59:48.451Z",
      "title": "Jacket Sleeves [Reg]",
      "image": "",
      "is_visible": false
    }
  },
  {
    "model": "orders.item",
    "pk": 102,
    "fields": {
      "created": "2020-10-01T01:59:48.494Z",
      "changed": "2020-10-01T01:59:48.494Z",
      "title": "Jacket Shoulder [Reg]",
      "image": "",
      "is_visible": false
    }
  },
  {
    "model": "orders.item",
    "pk": 103,
    "fields": {
      "created": "2020-10-01T01:59:48.543Z",
      "changed": "2020-10-01T01:59:48.543Z",
      "title": "Pants Hem [Reg]",
      "image": "",
      "is_visible": true
    }
  },
  {
    "model": "orders.item",
    "pk": 104,
    "fields": {
      "created": "2020-10-01T01:59:48.585Z",
      "changed": "2020-10-01T01:59:48.585Z",
      "title": "Pants Hem [Original]",
      "image": "",
      "is_visible": true
    }
  },
  {
    "model": "orders.item",
    "pk": 105,
    "fields": {
      "created": "2020-10-01T01:59:48.636Z",
      "changed": "2020-10-01T01:59:48.636Z",
      "title": "Pants Tapper [Reg]",
      "image": "",
      "is_visible": true
    }
  },
  {
    "model": "orders.item",
    "pk": 106,
    "fields": {
      "created": "2020-10-01T01:59:48.684Z",
      "changed": "2020-10-01T01:59:48.684Z",
      "title": "Pants Waist [IN or Out]",
      "image": "",
      "is_visible": true
    }
  },
  {
    "model": "orders.item",
    "pk": 107,
    "fields": {
      "created": "2020-10-01T01:59:48.727Z",
      "changed": "2020-10-01T01:59:48.727Z",
      "title": "Pants Zipper [Reg]",
      "image": "",
      "is_visible": true
    }
  },
  {
    "model": "orders.item",
    "pk": 108,
    "fields": {
      "created": "2020-10-01T01:59:48.792Z",
      "changed": "2020-10-01T01:59:48.792Z",
      "title": "Skirt Hem [Reg]",
      "image": "",
      "is_visible": true
    }
  },
  {
    "model": "orders.item",
    "pk": 109,
    "fields": {
      "created": "2020-10-01T01:59:48.845Z",
      "changed": "2020-10-01T01:59:48.845Z",
      "title": "Skirt Tapper [Reg]",
      "image": "",
      "is_visible": false
    }
  },
  {
    "model": "orders.item",
    "pk": 110,
    "fields": {
      "created": "2020-10-01T01:59:48.899Z",
      "changed": "2020-10-01T01:59:48.899Z",
      "title": "Skirt Waist [Reg]",
      "image": "",
      "is_visible": true
    }
  },
  {
    "model": "orders.item",
    "pk": 111,
    "fields": {
      "created": "2020-10-01T01:59:48.943Z",
      "changed": "2020-10-01T01:59:48.943Z",
      "title": "Skirt Zipper [Reg]",
      "image": "",
      "is_visible": false
    }
  },
  {
    "model": "orders.item",
    "pk": 112,
    "fields": {
      "created": "2020-10-01T01:59:48.993Z",
      "changed": "2020-10-01T01:59:48.993Z",
      "title": "Skirt Hem [Long]",
      "image": "",
      "is_visible": false
    }
  },
  {
    "model": "orders.item",
    "pk": 113,
    "fields": {
      "created": "2020-10-01T01:59:49.049Z",
      "changed": "2020-10-01T01:59:49.049Z",
      "title": "Skirt Tapper [Long]",
      "image": "",
      "is_visible": false
    }
  },
  {
    "model": "orders.item",
    "pk": 114,
    "fields": {
      "created": "2020-10-01T01:59:49.118Z",
      "changed": "2020-10-01T01:59:49.118Z",
      "title": "Skirt Waist [Long]",
      "image": "",
      "is_visible": false
    }
  },
  {
    "model": "orders.item",
    "pk": 115,
    "fields": {
      "created": "2020-10-01T01:59:49.167Z",
      "changed": "2020-10-01T01:59:49.167Z",
      "title": "Skirt Zipper [Long]",
      "image": "",
      "is_visible": false
    }
  },
  {
    "model": "orders.item",
    "pk": 116,
    "fields": {
      "created": "2020-10-01T01:59:49.213Z",
      "changed": "2020-10-01T01:59:49.213Z",
      "title": "Zipper Replaced [Minimal price $20]",
      "image": "",
      "is_visible": true
    }
  },
  {
    "model": "orders.item",
    "pk": 117,
    "fields": {
      "created": "2020-10-01T01:59:49.262Z",
      "changed": "2020-10-01T01:59:49.262Z",
      "title": "Sleeves Shortened [Minimal Price $25]",
      "image": "",
      "is_visible": true
    }
  },
  {
    "model": "orders.item",
    "pk": 118,
    "fields": {
      "created": "2020-10-01T01:59:49.309Z",
      "changed": "2020-10-01T01:59:49.309Z",
      "title": "Meding [Tears or Misc] [Minimal Price $10]",
      "image": "",
      "is_visible": true
    }
  },
  {
    "model": "orders.item",
    "pk": 119,
    "fields": {
      "created": "2020-10-01T01:59:49.351Z",
      "changed": "2020-10-01T01:59:49.351Z",
      "title": "Jeans Hem [Original]",
      "image": "",
      "is_visible": false
    }
  },
  {
    "model": "orders.item",
    "pk": 120,
    "fields": {
      "created": "2020-10-01T01:59:49.404Z",
      "changed": "2020-10-01T01:59:49.404Z",
      "title": "Jeans Waist [Reg]",
      "image": "",
      "is_visible": false
    }
  },
  {
    "model": "orders.item",
    "pk": 121,
    "fields": {
      "created": "2020-10-01T01:59:49.453Z",
      "changed": "2020-10-01T01:59:49.453Z",
      "title": "Jeans Tapper [Reg]",
      "image": "",
      "is_visible": false
    }
  },
  {
    "model": "orders.item",
    "pk": 122,
    "fields": {
      "created": "2020-10-01T01:59:49.501Z",
      "changed": "2020-10-01T01:59:49.501Z",
      "title": "Jeans Zipper [Reg]",
      "image": "",
      "is_visible": false
    }
  },
  {
    "model": "orders.item",
    "pk": 123,
    "fields": {
      "created": "2020-10-01T01:59:49.552Z",
      "changed": "2020-10-01T01:59:49.552Z",
      "title": "Shirt Hem [Reg]",
      "image": "",
      "is_visible": false
    }
  },
  {
    "model": "orders.item",
    "pk": 124,
    "fields": {
      "created": "2020-10-01T01:59:49.616Z",
      "changed": "2020-10-01T01:59:49.616Z",
      "title": "Shirt Sleeve [Reg]",
      "image": "",
      "is_visible": false
    }
  },
  {
    "model": "orders.item",
    "pk": 125,
    "fields": {
      "created": "2020-10-01T01:59:49.670Z",
      "changed": "2020-10-01T01:59:49.670Z",
      "title": "Shirt Tapper [Reg]",
      "image": "",
      "is_visible": false
    }
  },
  {
    "model": "orders.item",
    "pk": 126,
    "fields": {
      "created": "2020-10-01T01:59:49.716Z",
      "changed": "2020-10-01T01:59:49.716Z",
      "title": "Shirt Hem [Cotton]",
      "image": "",
      "is_visible": false
    }
  },
  {
    "model": "orders.item",
    "pk": 127,
    "fields": {
      "created": "2020-10-01T01:59:49.764Z",
      "changed": "2020-10-01T01:59:49.765Z",
      "title": "Shirt Sleeve [Cotton]",
      "image": "",
      "is_visible": false
    }
  },
  {
    "model": "orders.item",
    "pk": 128,
    "fields": {
      "created": "2020-10-01T01:59:49.814Z",
      "changed": "2020-10-01T01:59:49.814Z",
      "title": "Shirt Tapper [Cotton]",
      "image": "",
      "is_visible": false
    }
  },
  {
    "model": "orders.item",
    "pk": 129,
    "fields": {
      "created": "2020-10-01T01:59:49.860Z",
      "changed": "2020-10-01T01:59:49.860Z",
      "title": "Shirt Hem [Cotton][Fold]",
      "image": "",
      "is_visible": false
    }
  },
  {
    "model": "orders.item",
    "pk": 130,
    "fields": {
      "created": "2020-10-01T01:59:49.894Z",
      "changed": "2020-10-01T01:59:49.894Z",
      "title": "Shirt Sleeve [Cotton] [Fold]",
      "image": "",
      "is_visible": false
    }
  },
  {
    "model": "orders.item",
    "pk": 131,
    "fields": {
      "created": "2020-10-01T01:59:49.936Z",
      "changed": "2020-10-01T01:59:49.936Z",
      "title": "Shirt Tapper [Cotton] [Fold]",
      "image": "",
      "is_visible": false
    }
  },
  {
    "model": "orders.item",
    "pk": 132,
    "fields": {
      "created": "2020-10-01T01:59:49.984Z",
      "changed": "2020-10-01T01:59:49.984Z",
      "title": "Sweater Hem [Reg]",
      "image": "",
      "is_visible": false
    }
  },
  {
    "model": "orders.item",
    "pk": 133,
    "fields": {
      "created": "2020-10-01T01:59:50.035Z",
      "changed": "2020-10-01T01:59:50.035Z",
      "title": "Sweater Tapper [Reg]",
      "image": "",
      "is_visible": false
    }
  },
  {
    "model": "orders.item",
    "pk": 134,
    "fields": {
      "created": "2020-10-01T01:59:50.079Z",
      "changed": "2020-10-01T01:59:50.079Z",
      "title": "Sweater Zipper [Req]",
      "image": "",
      "is_visible": false
    }
  },
  {
    "model": "orders.item",
    "pk": 135,
    "fields": {
      "created": "2020-10-01T01:59:50.127Z",
      "changed": "2020-10-01T01:59:50.128Z",
      "title": "Sweater Hem [Heavy]",
      "image": "",
      "is_visible": false
    }
  },
  {
    "model": "orders.item",
    "pk": 136,
    "fields": {
      "created": "2020-10-01T01:59:50.172Z",
      "changed": "2020-10-01T01:59:50.172Z",
      "title": "Sweater Tapper [Heavy]",
      "image": "",
      "is_visible": false
    }
  },
  {
    "model": "orders.item",
    "pk": 137,
    "fields": {
      "created": "2020-10-01T01:59:50.212Z",
      "changed": "2020-10-01T01:59:50.212Z",
      "title": "Sweater Zipper [Heavy]",
      "image": "",
      "is_visible": false
    }
  },
  {
    "model": "orders.item",
    "pk": 138,
    "fields": {
      "created": "2020-10-01T01:59:50.253Z",
      "changed": "2020-10-01T01:59:50.253Z",
      "title": "Sweater Hem [Body]",
      "image": "",
      "is_visible": false
    }
  },
  {
    "model": "orders.item",
    "pk": 139,
    "fields": {
      "created": "2020-10-01T01:59:50.299Z",
      "changed": "2020-10-01T01:59:50.299Z",
      "title": "Sweater Tapper [Body]",
      "image": "",
      "is_visible": false
    }
  },
  {
    "model": "orders.item",
    "pk": 140,
    "fields": {
      "created": "2020-10-01T01:59:50.349Z",
      "changed": "2020-10-01T01:59:50.349Z",
      "title": "Sweater Zipper [Body]",
      "image": "",
      "is_visible": false
    }
  },
  {
    "model": "orders.item",
    "pk": 141,
    "fields": {
      "created": "2020-10-01T01:59:50.420Z",
      "changed": "2020-10-01T01:59:50.420Z",
      "title": "Clean Only [Minimal price $149.95]",
      "image": "",
      "is_visible": true
    }
  },
  {
    "model": "orders.item",
    "pk": 142,
    "fields": {
      "created": "2020-10-01T01:59:50.466Z",
      "changed": "2020-10-01T01:59:50.466Z",
      "title": "Clean + Preservation [Minimal price $299.95]",
      "image": "",
      "is_visible": true
    }
  },
  {
    "model": "orders.item",
    "pk": 143,
    "fields": {
      "created": "2020-10-01T01:59:50.512Z",
      "changed": "2020-10-01T01:59:50.512Z",
      "title": "Additional Accessories [Minimal price $24.95]",
      "image": "",
      "is_visible": true
    }
  },
  {
    "model": "orders.item",
    "pk": 144,
    "fields": {
      "created": "2020-10-01T01:59:50.587Z",
      "changed": "2020-10-01T01:59:50.587Z",
      "title": "Machine Made [Minimal price $99]",
      "image": "",
      "is_visible": true
    }
  },
  {
    "model": "orders.item",
    "pk": 145,
    "fields": {
      "created": "2020-10-01T01:59:50.636Z",
      "changed": "2020-10-01T01:59:50.636Z",
      "title": "Handmade Rug [Persian/Indian] [Minimal Price $99]",
      "image": "",
      "is_visible": true
    }
  },
  {
    "model": "orders.item",
    "pk": 146,
    "fields": {
      "created": "2020-10-01T01:59:50.685Z",
      "changed": "2020-10-01T01:59:50.685Z",
      "title": "Cowhide Rug [Minimal Price 99$]",
      "image": "",
      "is_visible": true
    }
  },
  {
    "model": "orders.price",
    "pk": 1,
    "fields": {
      "created": "2020-10-01T01:59:43.223Z",
      "changed": "2020-10-01T01:59:43.223Z",
      "amount": 695,
      "service": 1,
      "item": 1,
      "count": 1,
      "unit": "pcs"
    }
  },
  {
    "model": "orders.price",
    "pk": 2,
    "fields": {
      "created": "2020-10-01T01:59:43.268Z",
      "changed": "2020-10-01T01:59:43.268Z",
      "amount": 695,
      "service": 1,
      "item": 2,
      "count": 1,
      "unit": "pcs"
    }
  },
  {
    "model": "orders.price",
    "pk": 3,
    "fields": {
      "created": "2020-10-01T01:59:43.308Z",
      "changed": "2020-10-01T01:59:43.308Z",
      "amount": 695,
      "service": 1,
      "item": 3,
      "count": 1,
      "unit": "pcs"
    }
  },
  {
    "model": "orders.price",
    "pk": 4,
    "fields": {
      "created": "2020-10-01T01:59:43.354Z",
      "changed": "2020-10-01T01:59:43.354Z",
      "amount": 595,
      "service": 1,
      "item": 4,
      "count": 1,
      "unit": "pcs"
    }
  },
  {
    "model": "orders.price",
    "pk": 5,
    "fields": {
      "created": "2020-10-01T01:59:43.401Z",
      "changed": "2020-10-01T01:59:43.401Z",
      "amount": 595,
      "service": 1,
      "item": 5,
      "count": 1,
      "unit": "pcs"
    }
  },
  {
    "model": "orders.price",
    "pk": 6,
    "fields": {
      "created": "2020-10-01T01:59:43.455Z",
      "changed": "2020-10-01T01:59:43.455Z",
      "amount": 395,
      "service": 1,
      "item": 6,
      "count": 1,
      "unit": "pcs"
    }
  },
  {
    "model": "orders.price",
    "pk": 7,
    "fields": {
      "created": "2020-10-01T01:59:43.496Z",
      "changed": "2020-10-01T01:59:43.496Z",
      "amount": 695,
      "service": 1,
      "item": 7,
      "count": 1,
      "unit": "pcs"
    }
  },
  {
    "model": "orders.price",
    "pk": 8,
    "fields": {
      "created": "2020-10-01T01:59:43.534Z",
      "changed": "2020-10-01T01:59:43.534Z",
      "amount": 595,
      "service": 1,
      "item": 8,
      "count": 1,
      "unit": "pcs"
    }
  },
  {
    "model": "orders.price",
    "pk": 9,
    "fields": {
      "created": "2020-10-01T01:59:43.580Z",
      "changed": "2020-10-01T01:59:43.580Z",
      "amount": 595,
      "service": 1,
      "item": 9,
      "count": 1,
      "unit": "pcs"
    }
  },
  {
    "model": "orders.price",
    "pk": 10,
    "fields": {
      "created": "2020-10-01T01:59:43.634Z",
      "changed": "2020-10-01T01:59:43.634Z",
      "amount": 795,
      "service": 1,
      "item": 10,
      "count": 1,
      "unit": "pcs"
    }
  },
  {
    "model": "orders.price",
    "pk": 11,
    "fields": {
      "created": "2020-10-01T01:59:43.713Z",
      "changed": "2020-10-01T01:59:43.713Z",
      "amount": 595,
      "service": 2,
      "item": 11,
      "count": 1,
      "unit": "pcs"
    }
  },
  {
    "model": "orders.price",
    "pk": 12,
    "fields": {
      "created": "2020-10-01T01:59:43.761Z",
      "changed": "2020-10-01T01:59:43.761Z",
      "amount": 695,
      "service": 2,
      "item": 12,
      "count": 1,
      "unit": "pcs"
    }
  },
  {
    "model": "orders.price",
    "pk": 13,
    "fields": {
      "created": "2020-10-01T01:59:43.820Z",
      "changed": "2020-10-01T01:59:43.820Z",
      "amount": 1295,
      "service": 2,
      "item": 13,
      "count": 1,
      "unit": "pcs"
    }
  },
  {
    "model": "orders.price",
    "pk": 14,
    "fields": {
      "created": "2020-10-01T01:59:43.881Z",
      "changed": "2020-10-01T01:59:43.881Z",
      "amount": 1495,
      "service": 2,
      "item": 14,
      "count": 1,
      "unit": "pcs"
    }
  },
  {
    "model": "orders.price",
    "pk": 15,
    "fields": {
      "created": "2020-10-01T01:59:43.926Z",
      "changed": "2020-10-01T01:59:43.926Z",
      "amount": 1695,
      "service": 2,
      "item": 15,
      "count": 1,
      "unit": "pcs"
    }
  },
  {
    "model": "orders.price",
    "pk": 16,
    "fields": {
      "created": "2020-10-01T01:59:43.971Z",
      "changed": "2020-10-01T01:59:43.971Z",
      "amount": 1995,
      "service": 2,
      "item": 16,
      "count": 1,
      "unit": "pcs"
    }
  },
  {
    "model": "orders.price",
    "pk": 17,
    "fields": {
      "created": "2020-10-01T01:59:44.012Z",
      "changed": "2020-10-01T01:59:44.012Z",
      "amount": 1395,
      "service": 2,
      "item": 17,
      "count": 1,
      "unit": "pcs"
    }
  },
  {
    "model": "orders.price",
    "pk": 18,
    "fields": {
      "created": "2020-10-01T01:59:44.046Z",
      "changed": "2020-10-01T01:59:44.777Z",
      "amount": 2495,
      "service": 2,
      "item": 18,
      "count": 1,
      "unit": "pcs"
    }
  },
  {
    "model": "orders.price",
    "pk": 19,
    "fields": {
      "created": "2020-10-01T01:59:44.104Z",
      "changed": "2020-10-01T01:59:44.104Z",
      "amount": 3995,
      "service": 2,
      "item": 19,
      "count": 1,
      "unit": "pcs"
    }
  },
  {
    "model": "orders.price",
    "pk": 20,
    "fields": {
      "created": "2020-10-01T01:59:44.182Z",
      "changed": "2020-10-01T01:59:44.183Z",
      "amount": 1595,
      "service": 2,
      "item": 20,
      "count": 1,
      "unit": "pcs"
    }
  },
  {
    "model": "orders.price",
    "pk": 21,
    "fields": {
      "created": "2020-10-01T01:59:44.217Z",
      "changed": "2020-10-01T01:59:44.217Z",
      "amount": 4995,
      "service": 2,
      "item": 21,
      "count": 1,
      "unit": "pcs"
    }
  },
  {
    "model": "orders.price",
    "pk": 22,
    "fields": {
      "created": "2020-10-01T01:59:44.255Z",
      "changed": "2020-10-01T01:59:44.255Z",
      "amount": 695,
      "service": 2,
      "item": 2,
      "count": 1,
      "unit": "pcs"
    }
  },
  {
    "model": "orders.price",
    "pk": 23,
    "fields": {
      "created": "2020-10-01T01:59:44.301Z",
      "changed": "2020-10-01T01:59:44.302Z",
      "amount": 695,
      "service": 2,
      "item": 3,
      "count": 1,
      "unit": "pcs"
    }
  },
  {
    "model": "orders.price",
    "pk": 24,
    "fields": {
      "created": "2020-10-01T01:59:44.344Z",
      "changed": "2020-10-01T01:59:44.344Z",
      "amount": 595,
      "service": 2,
      "item": 4,
      "count": 1,
      "unit": "pcs"
    }
  },
  {
    "model": "orders.price",
    "pk": 25,
    "fields": {
      "created": "2020-10-01T01:59:44.387Z",
      "changed": "2020-10-01T01:59:44.387Z",
      "amount": 595,
      "service": 2,
      "item": 22,
      "count": 1,
      "unit": "pcs"
    }
  },
  {
    "model": "orders.price",
    "pk": 26,
    "fields": {
      "created": "2020-10-01T01:59:44.426Z",
      "changed": "2020-10-01T01:59:44.426Z",
      "amount": 795,
      "service": 2,
      "item": 23,
      "count": 1,
      "unit": "pcs"
    }
  },
  {
    "model": "orders.price",
    "pk": 27,
    "fields": {
      "created": "2020-10-01T01:59:44.464Z",
      "changed": "2020-10-01T01:59:44.464Z",
      "amount": 595,
      "service": 2,
      "item": 5,
      "count": 1,
      "unit": "pcs"
    }
  },
  {
    "model": "orders.price",
    "pk": 28,
    "fields": {
      "created": "2020-10-01T01:59:44.512Z",
      "changed": "2020-10-01T01:59:44.512Z",
      "amount": 895,
      "service": 2,
      "item": 24,
      "count": 1,
      "unit": "pcs"
    }
  },
  {
    "model": "orders.price",
    "pk": 29,
    "fields": {
      "created": "2020-10-01T01:59:44.559Z",
      "changed": "2020-10-01T01:59:44.560Z",
      "amount": 595,
      "service": 2,
      "item": 25,
      "count": 1,
      "unit": "pcs"
    }
  },
  {
    "model": "orders.price",
    "pk": 30,
    "fields": {
      "created": "2020-10-01T01:59:44.606Z",
      "changed": "2020-10-01T01:59:44.606Z",
      "amount": 595,
      "service": 2,
      "item": 8,
      "count": 1,
      "unit": "pcs"
    }
  },
  {
    "model": "orders.price",
    "pk": 31,
    "fields": {
      "created": "2020-10-01T01:59:44.645Z",
      "changed": "2020-10-01T01:59:44.645Z",
      "amount": 595,
      "service": 2,
      "item": 9,
      "count": 1,
      "unit": "pcs"
    }
  },
  {
    "model": "orders.price",
    "pk": 32,
    "fields": {
      "created": "2020-10-01T01:59:44.688Z",
      "changed": "2020-10-01T01:59:44.688Z",
      "amount": 595,
      "service": 2,
      "item": 26,
      "count": 1,
      "unit": "pcs"
    }
  },
  {
    "model": "orders.price",
    "pk": 33,
    "fields": {
      "created": "2020-10-01T01:59:44.742Z",
      "changed": "2020-10-01T01:59:44.742Z",
      "amount": 795,
      "service": 2,
      "item": 27,
      "count": 1,
      "unit": "pcs"
    }
  },
  {
    "model": "orders.price",
    "pk": 34,
    "fields": {
      "created": "2020-10-01T01:59:44.821Z",
      "changed": "2020-10-01T01:59:44.821Z",
      "amount": 595,
      "service": 2,
      "item": 28,
      "count": 1,
      "unit": "pcs"
    }
  },
  {
    "model": "orders.price",
    "pk": 35,
    "fields": {
      "created": "2020-10-01T01:59:44.868Z",
      "changed": "2020-10-01T01:59:44.868Z",
      "amount": 795,
      "service": 2,
      "item": 29,
      "count": 1,
      "unit": "pcs"
    }
  },
  {
    "model": "orders.price",
    "pk": 36,
    "fields": {
      "created": "2020-10-01T01:59:44.916Z",
      "changed": "2020-10-01T01:59:44.916Z",
      "amount": 995,
      "service": 2,
      "item": 30,
      "count": 1,
      "unit": "pcs"
    }
  },
  {
    "model": "orders.price",
    "pk": 37,
    "fields": {
      "created": "2020-10-01T01:59:44.958Z",
      "changed": "2020-10-01T01:59:44.958Z",
      "amount": 1995,
      "service": 2,
      "item": 31,
      "count": 1,
      "unit": "pcs"
    }
  },
  {
    "model": "orders.price",
    "pk": 38,
    "fields": {
      "created": "2020-10-01T01:59:45.003Z",
      "changed": "2020-10-01T01:59:45.003Z",
      "amount": 2495,
      "service": 2,
      "item": 32,
      "count": 1,
      "unit": "pcs"
    }
  },
  {
    "model": "orders.price",
    "pk": 39,
    "fields": {
      "created": "2020-10-01T01:59:45.047Z",
      "changed": "2020-10-01T01:59:45.047Z",
      "amount": 495,
      "service": 2,
      "item": 33,
      "count": 1,
      "unit": "pcs"
    }
  },
  {
    "model": "orders.price",
    "pk": 40,
    "fields": {
      "created": "2020-10-01T01:59:45.085Z",
      "changed": "2020-10-01T01:59:45.085Z",
      "amount": 2995,
      "service": 2,
      "item": 34,
      "count": 1,
      "unit": "pcs"
    }
  },
  {
    "model": "orders.price",
    "pk": 41,
    "fields": {
      "created": "2020-10-01T01:59:45.142Z",
      "changed": "2020-10-01T01:59:45.142Z",
      "amount": 3495,
      "service": 2,
      "item": 35,
      "count": 1,
      "unit": "pcs"
    }
  },
  {
    "model": "orders.price",
    "pk": 42,
    "fields": {
      "created": "2020-10-01T01:59:45.186Z",
      "changed": "2020-10-01T01:59:45.186Z",
      "amount": 995,
      "service": 2,
      "item": 36,
      "count": 1,
      "unit": "pcs"
    }
  },
  {
    "model": "orders.price",
    "pk": 43,
    "fields": {
      "created": "2020-10-01T01:59:45.233Z",
      "changed": "2020-10-01T01:59:45.233Z",
      "amount": 595,
      "service": 2,
      "item": 37,
      "count": 1,
      "unit": "pcs"
    }
  },
  {
    "model": "orders.price",
    "pk": 44,
    "fields": {
      "created": "2020-10-01T01:59:45.306Z",
      "changed": "2020-10-01T01:59:45.306Z",
      "amount": 399,
      "service": 3,
      "item": 38,
      "count": 1,
      "unit": "lbs"
    }
  },
  {
    "model": "orders.price",
    "pk": 45,
    "fields": {
      "created": "2020-10-01T01:59:45.362Z",
      "changed": "2020-10-01T01:59:45.362Z",
      "amount": 7900,
      "service": 3,
      "item": 39,
      "count": 1,
      "unit": "bag"
    }
  },
  {
    "model": "orders.price",
    "pk": 46,
    "fields": {
      "created": "2020-10-01T01:59:45.411Z",
      "changed": "2020-10-01T01:59:45.411Z",
      "amount": 14800,
      "service": 3,
      "item": 40,
      "count": 1,
      "unit": "bag"
    }
  },
  {
    "model": "orders.price",
    "pk": 47,
    "fields": {
      "created": "2020-10-01T01:59:45.453Z",
      "changed": "2020-10-01T01:59:45.453Z",
      "amount": 20700,
      "service": 3,
      "item": 41,
      "count": 3,
      "unit": "bag"
    }
  },
  {
    "model": "orders.price",
    "pk": 48,
    "fields": {
      "created": "2020-10-01T01:59:45.512Z",
      "changed": "2020-10-01T01:59:45.512Z",
      "amount": 25600,
      "service": 3,
      "item": 42,
      "count": 1,
      "unit": "bag"
    }
  },
  {
    "model": "orders.price",
    "pk": 49,
    "fields": {
      "created": "2020-10-01T01:59:45.562Z",
      "changed": "2020-10-01T01:59:45.562Z",
      "amount": 4900,
      "service": 3,
      "item": 43,
      "count": 1,
      "unit": "bag"
    }
  },
  {
    "model": "orders.price",
    "pk": 50,
    "fields": {
      "created": "2020-10-01T01:59:45.627Z",
      "changed": "2020-10-01T01:59:45.627Z",
      "amount": 2695,
      "service": 4,
      "item": 44,
      "count": 1,
      "unit": "pcs"
    }
  },
  {
    "model": "orders.price",
    "pk": 51,
    "fields": {
      "created": "2020-10-01T01:59:45.668Z",
      "changed": "2020-10-01T01:59:45.668Z",
      "amount": 1295,
      "service": 4,
      "item": 45,
      "count": 1,
      "unit": "pcs"
    }
  },
  {
    "model": "orders.price",
    "pk": 52,
    "fields": {
      "created": "2020-10-01T01:59:45.714Z",
      "changed": "2020-10-01T01:59:45.714Z",
      "amount": 2495,
      "service": 4,
      "item": 46,
      "count": 1,
      "unit": "pcs"
    }
  },
  {
    "model": "orders.price",
    "pk": 53,
    "fields": {
      "created": "2020-10-01T01:59:45.768Z",
      "changed": "2020-10-01T01:59:45.768Z",
      "amount": 2995,
      "service": 4,
      "item": 47,
      "count": 1,
      "unit": "pcs"
    }
  },
  {
    "model": "orders.price",
    "pk": 54,
    "fields": {
      "created": "2020-10-01T01:59:45.827Z",
      "changed": "2020-10-01T01:59:45.827Z",
      "amount": 3495,
      "service": 4,
      "item": 48,
      "count": 1,
      "unit": "pcs"
    }
  },
  {
    "model": "orders.price",
    "pk": 55,
    "fields": {
      "created": "2020-10-01T01:59:45.865Z",
      "changed": "2020-10-01T01:59:45.865Z",
      "amount": 3995,
      "service": 4,
      "item": 49,
      "count": 1,
      "unit": "pcs"
    }
  },
  {
    "model": "orders.price",
    "pk": 56,
    "fields": {
      "created": "2020-10-01T01:59:45.913Z",
      "changed": "2020-10-01T01:59:45.913Z",
      "amount": 4495,
      "service": 4,
      "item": 50,
      "count": 1,
      "unit": "pcs"
    }
  },
  {
    "model": "orders.price",
    "pk": 57,
    "fields": {
      "created": "2020-10-01T01:59:45.963Z",
      "changed": "2020-10-01T01:59:45.963Z",
      "amount": 4995,
      "service": 4,
      "item": 51,
      "count": 1,
      "unit": "pcs"
    }
  },
  {
    "model": "orders.price",
    "pk": 58,
    "fields": {
      "created": "2020-10-01T01:59:45.999Z",
      "changed": "2020-10-01T01:59:45.999Z",
      "amount": 3995,
      "service": 4,
      "item": 52,
      "count": 1,
      "unit": "pcs"
    }
  },
  {
    "model": "orders.price",
    "pk": 59,
    "fields": {
      "created": "2020-10-01T01:59:46.046Z",
      "changed": "2020-10-01T01:59:46.046Z",
      "amount": 495,
      "service": 4,
      "item": 53,
      "count": 1,
      "unit": "pleat"
    }
  },
  {
    "model": "orders.price",
    "pk": 60,
    "fields": {
      "created": "2020-10-01T01:59:46.099Z",
      "changed": "2020-10-01T01:59:46.099Z",
      "amount": 895,
      "service": 4,
      "item": 54,
      "count": 1,
      "unit": "pleat"
    }
  },
  {
    "model": "orders.price",
    "pk": 61,
    "fields": {
      "created": "2020-10-01T01:59:46.153Z",
      "changed": "2020-10-01T01:59:46.153Z",
      "amount": 395,
      "service": 4,
      "item": 55,
      "count": 1,
      "unit": "pcs"
    }
  },
  {
    "model": "orders.price",
    "pk": 62,
    "fields": {
      "created": "2020-10-01T01:59:46.213Z",
      "changed": "2020-10-01T01:59:46.213Z",
      "amount": 1995,
      "service": 4,
      "item": 56,
      "count": 1,
      "unit": "pcs"
    }
  },
  {
    "model": "orders.price",
    "pk": 63,
    "fields": {
      "created": "2020-10-01T01:59:46.255Z",
      "changed": "2020-10-01T01:59:46.255Z",
      "amount": 3995,
      "service": 4,
      "item": 57,
      "count": 1,
      "unit": "pcs"
    }
  },
  {
    "model": "orders.price",
    "pk": 64,
    "fields": {
      "created": "2020-10-01T01:59:46.317Z",
      "changed": "2020-10-01T01:59:46.317Z",
      "amount": 5995,
      "service": 4,
      "item": 58,
      "count": 1,
      "unit": "pcs"
    }
  },
  {
    "model": "orders.price",
    "pk": 65,
    "fields": {
      "created": "2020-10-01T01:59:46.367Z",
      "changed": "2020-10-01T01:59:46.367Z",
      "amount": 9995,
      "service": 4,
      "item": 59,
      "count": 1,
      "unit": "pcs"
    }
  },
  {
    "model": "orders.price",
    "pk": 66,
    "fields": {
      "created": "2020-10-01T01:59:46.417Z",
      "changed": "2020-10-01T01:59:46.417Z",
      "amount": 595,
      "service": 4,
      "item": 60,
      "count": 1,
      "unit": "pcs"
    }
  },
  {
    "model": "orders.price",
    "pk": 67,
    "fields": {
      "created": "2020-10-01T01:59:46.476Z",
      "changed": "2020-10-01T01:59:46.476Z",
      "amount": 795,
      "service": 4,
      "item": 61,
      "count": 1,
      "unit": "pcs"
    }
  },
  {
    "model": "orders.price",
    "pk": 68,
    "fields": {
      "created": "2020-10-01T01:59:46.527Z",
      "changed": "2020-10-01T01:59:46.527Z",
      "amount": 3995,
      "service": 4,
      "item": 62,
      "count": 1,
      "unit": "pcs"
    }
  },
  {
    "model": "orders.price",
    "pk": 69,
    "fields": {
      "created": "2020-10-01T01:59:46.595Z",
      "changed": "2020-10-01T01:59:46.595Z",
      "amount": 5995,
      "service": 4,
      "item": 63,
      "count": 1,
      "unit": "pcs"
    }
  },
  {
    "model": "orders.price",
    "pk": 70,
    "fields": {
      "created": "2020-10-01T01:59:46.652Z",
      "changed": "2020-10-01T01:59:46.652Z",
      "amount": 8995,
      "service": 4,
      "item": 64,
      "count": 1,
      "unit": "pcs"
    }
  },
  {
    "model": "orders.price",
    "pk": 71,
    "fields": {
      "created": "2020-10-01T01:59:46.700Z",
      "changed": "2020-10-01T01:59:46.700Z",
      "amount": 1695,
      "service": 4,
      "item": 65,
      "count": 1,
      "unit": "pcs"
    }
  },
  {
    "model": "orders.price",
    "pk": 72,
    "fields": {
      "created": "2020-10-01T01:59:46.761Z",
      "changed": "2020-10-01T01:59:46.761Z",
      "amount": 1995,
      "service": 4,
      "item": 66,
      "count": 1,
      "unit": "pcs"
    }
  },
  {
    "model": "orders.price",
    "pk": 73,
    "fields": {
      "created": "2020-10-01T01:59:46.811Z",
      "changed": "2020-10-01T01:59:46.812Z",
      "amount": 2995,
      "service": 4,
      "item": 67,
      "count": 1,
      "unit": "pcs"
    }
  },
  {
    "model": "orders.price",
    "pk": 74,
    "fields": {
      "created": "2020-10-01T01:59:46.884Z",
      "changed": "2020-10-01T01:59:46.884Z",
      "amount": 395,
      "service": 5,
      "item": 68,
      "count": 1,
      "unit": "pcs"
    }
  },
  {
    "model": "orders.price",
    "pk": 75,
    "fields": {
      "created": "2020-10-01T01:59:46.922Z",
      "changed": "2020-10-01T01:59:46.999Z",
      "amount": 795,
      "service": 5,
      "item": 69,
      "count": 1,
      "unit": "pcs"
    }
  },
  {
    "model": "orders.price",
    "pk": 76,
    "fields": {
      "created": "2020-10-01T01:59:46.963Z",
      "changed": "2020-10-01T01:59:46.963Z",
      "amount": 995,
      "service": 5,
      "item": 70,
      "count": 1,
      "unit": "pcs"
    }
  },
  {
    "model": "orders.price",
    "pk": 77,
    "fields": {
      "created": "2020-10-01T01:59:47.047Z",
      "changed": "2020-10-01T01:59:47.047Z",
      "amount": 2495,
      "service": 5,
      "item": 71,
      "count": 1,
      "unit": "pcs"
    }
  },
  {
    "model": "orders.price",
    "pk": 78,
    "fields": {
      "created": "2020-10-01T01:59:47.084Z",
      "changed": "2020-10-01T01:59:47.084Z",
      "amount": 2695,
      "service": 5,
      "item": 72,
      "count": 1,
      "unit": "pcs"
    }
  },
  {
    "model": "orders.price",
    "pk": 79,
    "fields": {
      "created": "2020-10-01T01:59:47.133Z",
      "changed": "2020-10-01T01:59:47.133Z",
      "amount": 2995,
      "service": 5,
      "item": 73,
      "count": 1,
      "unit": "pcs"
    }
  },
  {
    "model": "orders.price",
    "pk": 80,
    "fields": {
      "created": "2020-10-01T01:59:47.165Z",
      "changed": "2020-10-01T01:59:47.165Z",
      "amount": 4995,
      "service": 5,
      "item": 74,
      "count": 1,
      "unit": "pcs"
    }
  },
  {
    "model": "orders.price",
    "pk": 81,
    "fields": {
      "created": "2020-10-01T01:59:47.204Z",
      "changed": "2020-10-01T01:59:47.204Z",
      "amount": 9995,
      "service": 5,
      "item": 75,
      "count": 1,
      "unit": "pcs"
    }
  },
  {
    "model": "orders.price",
    "pk": 82,
    "fields": {
      "created": "2020-10-01T01:59:47.249Z",
      "changed": "2020-10-01T01:59:47.249Z",
      "amount": 29995,
      "service": 5,
      "item": 76,
      "count": 1,
      "unit": "pcs"
    }
  },
  {
    "model": "orders.price",
    "pk": 83,
    "fields": {
      "created": "2020-10-01T01:59:47.297Z",
      "changed": "2020-10-01T01:59:47.298Z",
      "amount": 14995,
      "service": 5,
      "item": 77,
      "count": 1,
      "unit": "pcs"
    }
  },
  {
    "model": "orders.price",
    "pk": 84,
    "fields": {
      "created": "2020-10-01T01:59:47.357Z",
      "changed": "2020-10-01T01:59:47.357Z",
      "amount": 6995,
      "service": 5,
      "item": 78,
      "count": 1,
      "unit": "pcs"
    }
  },
  {
    "model": "orders.price",
    "pk": 85,
    "fields": {
      "created": "2020-10-01T01:59:47.408Z",
      "changed": "2020-10-01T01:59:47.408Z",
      "amount": 6995,
      "service": 5,
      "item": 79,
      "count": 1,
      "unit": "pcs"
    }
  },
  {
    "model": "orders.price",
    "pk": 86,
    "fields": {
      "created": "2020-10-01T01:59:47.455Z",
      "changed": "2020-10-01T01:59:47.455Z",
      "amount": 14995,
      "service": 5,
      "item": 80,
      "count": 1,
      "unit": "pcs"
    }
  },
  {
    "model": "orders.price",
    "pk": 87,
    "fields": {
      "created": "2020-10-01T01:59:47.495Z",
      "changed": "2020-10-01T01:59:47.495Z",
      "amount": 29995,
      "service": 5,
      "item": 81,
      "count": 1,
      "unit": "pcs"
    }
  },
  {
    "model": "orders.price",
    "pk": 88,
    "fields": {
      "created": "2020-10-01T01:59:47.541Z",
      "changed": "2020-10-01T01:59:47.541Z",
      "amount": 6995,
      "service": 5,
      "item": 82,
      "count": 1,
      "unit": "pcs"
    }
  },
  {
    "model": "orders.price",
    "pk": 89,
    "fields": {
      "created": "2020-10-01T01:59:47.594Z",
      "changed": "2020-10-01T01:59:47.594Z",
      "amount": 6995,
      "service": 5,
      "item": 83,
      "count": 1,
      "unit": "pcs"
    }
  },
  {
    "model": "orders.price",
    "pk": 90,
    "fields": {
      "created": "2020-10-01T01:59:47.641Z",
      "changed": "2020-10-01T01:59:47.641Z",
      "amount": 14995,
      "service": 5,
      "item": 84,
      "count": 1,
      "unit": "pcs"
    }
  },
  {
    "model": "orders.price",
    "pk": 91,
    "fields": {
      "created": "2020-10-01T01:59:47.687Z",
      "changed": "2020-10-01T01:59:47.687Z",
      "amount": 29995,
      "service": 5,
      "item": 85,
      "count": 1,
      "unit": "pcs"
    }
  },
  {
    "model": "orders.price",
    "pk": 92,
    "fields": {
      "created": "2020-10-01T01:59:47.727Z",
      "changed": "2020-10-01T01:59:47.727Z",
      "amount": 6995,
      "service": 5,
      "item": 86,
      "count": 1,
      "unit": "pcs"
    }
  },
  {
    "model": "orders.price",
    "pk": 93,
    "fields": {
      "created": "2020-10-01T01:59:47.768Z",
      "changed": "2020-10-01T01:59:47.768Z",
      "amount": 6995,
      "service": 5,
      "item": 87,
      "count": 1,
      "unit": "pcs"
    }
  },
  {
    "model": "orders.price",
    "pk": 94,
    "fields": {
      "created": "2020-10-01T01:59:47.810Z",
      "changed": "2020-10-01T01:59:47.810Z",
      "amount": 14995,
      "service": 5,
      "item": 88,
      "count": 1,
      "unit": "pcs"
    }
  },
  {
    "model": "orders.price",
    "pk": 95,
    "fields": {
      "created": "2020-10-01T01:59:47.857Z",
      "changed": "2020-10-01T01:59:47.857Z",
      "amount": 29995,
      "service": 5,
      "item": 89,
      "count": 1,
      "unit": "pcs"
    }
  },
  {
    "model": "orders.price",
    "pk": 96,
    "fields": {
      "created": "2020-10-01T01:59:47.894Z",
      "changed": "2020-10-01T01:59:47.894Z",
      "amount": 4995,
      "service": 5,
      "item": 90,
      "count": 1,
      "unit": "pcs"
    }
  },
  {
    "model": "orders.price",
    "pk": 97,
    "fields": {
      "created": "2020-10-01T01:59:47.945Z",
      "changed": "2020-10-01T01:59:47.945Z",
      "amount": 6995,
      "service": 5,
      "item": 91,
      "count": 1,
      "unit": "pcs"
    }
  },
  {
    "model": "orders.price",
    "pk": 98,
    "fields": {
      "created": "2020-10-01T01:59:47.999Z",
      "changed": "2020-10-01T01:59:47.999Z",
      "amount": 5995,
      "service": 5,
      "item": 92,
      "count": 1,
      "unit": "pcs"
    }
  },
  {
    "model": "orders.price",
    "pk": 99,
    "fields": {
      "created": "2020-10-01T01:59:48.049Z",
      "changed": "2020-10-01T01:59:48.049Z",
      "amount": 6995,
      "service": 5,
      "item": 93,
      "count": 1,
      "unit": "pcs"
    }
  },
  {
    "model": "orders.price",
    "pk": 100,
    "fields": {
      "created": "2020-10-01T01:59:48.106Z",
      "changed": "2020-10-01T01:59:48.107Z",
      "amount": 9995,
      "service": 5,
      "item": 94,
      "count": 1,
      "unit": "pcs"
    }
  },
  {
    "model": "orders.price",
    "pk": 101,
    "fields": {
      "created": "2020-10-01T01:59:48.164Z",
      "changed": "2020-10-01T01:59:48.164Z",
      "amount": 7995,
      "service": 5,
      "item": 95,
      "count": 1,
      "unit": "pcs"
    }
  },
  {
    "model": "orders.price",
    "pk": 102,
    "fields": {
      "created": "2020-10-01T01:59:48.217Z",
      "changed": "2020-10-01T01:59:48.217Z",
      "amount": 14995,
      "service": 5,
      "item": 96,
      "count": 1,
      "unit": "pcs"
    }
  },
  {
    "model": "orders.price",
    "pk": 103,
    "fields": {
      "created": "2020-10-01T01:59:48.270Z",
      "changed": "2020-10-01T01:59:48.270Z",
      "amount": 19995,
      "service": 5,
      "item": 97,
      "count": 1,
      "unit": "pcs"
    }
  },
  {
    "model": "orders.price",
    "pk": 104,
    "fields": {
      "created": "2020-10-01T01:59:48.317Z",
      "changed": "2020-10-01T01:59:48.317Z",
      "amount": 9995,
      "service": 5,
      "item": 98,
      "count": 1,
      "unit": "pcs"
    }
  },
  {
    "model": "orders.price",
    "pk": 105,
    "fields": {
      "created": "2020-10-01T01:59:48.369Z",
      "changed": "2020-10-01T01:59:48.370Z",
      "amount": 7995,
      "service": 5,
      "item": 99,
      "count": 1,
      "unit": "pcs"
    }
  },
  {
    "model": "orders.price",
    "pk": 106,
    "fields": {
      "created": "2020-10-01T01:59:48.425Z",
      "changed": "2020-10-01T01:59:48.425Z",
      "amount": 14995,
      "service": 5,
      "item": 100,
      "count": 1,
      "unit": "pcs"
    }
  },
  {
    "model": "orders.price",
    "pk": 107,
    "fields": {
      "created": "2020-10-01T01:59:48.471Z",
      "changed": "2020-10-01T01:59:48.471Z",
      "amount": 5995,
      "service": 5,
      "item": 101,
      "count": 1,
      "unit": "pcs"
    }
  },
  {
    "model": "orders.price",
    "pk": 108,
    "fields": {
      "created": "2020-10-01T01:59:48.518Z",
      "changed": "2020-10-01T01:59:48.518Z",
      "amount": 29995,
      "service": 5,
      "item": 102,
      "count": 1,
      "unit": "pcs"
    }
  },
  {
    "model": "orders.price",
    "pk": 109,
    "fields": {
      "created": "2020-10-01T01:59:48.566Z",
      "changed": "2020-10-01T01:59:48.566Z",
      "amount": 1895,
      "service": 5,
      "item": 103,
      "count": 1,
      "unit": "pcs"
    }
  },
  {
    "model": "orders.price",
    "pk": 110,
    "fields": {
      "created": "2020-10-01T01:59:48.614Z",
      "changed": "2020-10-01T01:59:48.614Z",
      "amount": 2295,
      "service": 5,
      "item": 104,
      "count": 1,
      "unit": "pcs"
    }
  },
  {
    "model": "orders.price",
    "pk": 111,
    "fields": {
      "created": "2020-10-01T01:59:48.659Z",
      "changed": "2020-10-01T01:59:48.659Z",
      "amount": 2995,
      "service": 5,
      "item": 105,
      "count": 1,
      "unit": "pcs"
    }
  },
  {
    "model": "orders.price",
    "pk": 112,
    "fields": {
      "created": "2020-10-01T01:59:48.706Z",
      "changed": "2020-10-01T01:59:48.706Z",
      "amount": 2495,
      "service": 5,
      "item": 106,
      "count": 1,
      "unit": "pcs"
    }
  },
  {
    "model": "orders.price",
    "pk": 113,
    "fields": {
      "created": "2020-10-01T01:59:48.750Z",
      "changed": "2020-10-01T01:59:48.750Z",
      "amount": 1995,
      "service": 5,
      "item": 107,
      "count": 1,
      "unit": "pcs"
    }
  },
  {
    "model": "orders.price",
    "pk": 114,
    "fields": {
      "created": "2020-10-01T01:59:48.818Z",
      "changed": "2020-10-01T01:59:48.818Z",
      "amount": 2495,
      "service": 5,
      "item": 108,
      "count": 1,
      "unit": "pcs"
    }
  },
  {
    "model": "orders.price",
    "pk": 115,
    "fields": {
      "created": "2020-10-01T01:59:48.871Z",
      "changed": "2020-10-01T01:59:48.871Z",
      "amount": 2995,
      "service": 5,
      "item": 109,
      "count": 1,
      "unit": "pcs"
    }
  },
  {
    "model": "orders.price",
    "pk": 116,
    "fields": {
      "created": "2020-10-01T01:59:48.922Z",
      "changed": "2020-10-01T01:59:48.922Z",
      "amount": 2495,
      "service": 5,
      "item": 110,
      "count": 1,
      "unit": "pcs"
    }
  },
  {
    "model": "orders.price",
    "pk": 117,
    "fields": {
      "created": "2020-10-01T01:59:48.969Z",
      "changed": "2020-10-01T01:59:48.969Z",
      "amount": 1295,
      "service": 5,
      "item": 111,
      "count": 1,
      "unit": "pcs"
    }
  },
  {
    "model": "orders.price",
    "pk": 118,
    "fields": {
      "created": "2020-10-01T01:59:49.018Z",
      "changed": "2020-10-01T01:59:49.019Z",
      "amount": 2495,
      "service": 5,
      "item": 112,
      "count": 1,
      "unit": "pcs"
    }
  },
  {
    "model": "orders.price",
    "pk": 119,
    "fields": {
      "created": "2020-10-01T01:59:49.083Z",
      "changed": "2020-10-01T01:59:49.083Z",
      "amount": 2995,
      "service": 5,
      "item": 113,
      "count": 1,
      "unit": "pcs"
    }
  },
  {
    "model": "orders.price",
    "pk": 120,
    "fields": {
      "created": "2020-10-01T01:59:49.147Z",
      "changed": "2020-10-01T01:59:49.147Z",
      "amount": 2495,
      "service": 5,
      "item": 114,
      "count": 1,
      "unit": "pcs"
    }
  },
  {
    "model": "orders.price",
    "pk": 121,
    "fields": {
      "created": "2020-10-01T01:59:49.188Z",
      "changed": "2020-10-01T01:59:49.188Z",
      "amount": 1295,
      "service": 5,
      "item": 115,
      "count": 1,
      "unit": "pcs"
    }
  },
  {
    "model": "orders.price",
    "pk": 122,
    "fields": {
      "created": "2020-10-01T01:59:49.235Z",
      "changed": "2020-10-01T01:59:49.235Z",
      "amount": 1995,
      "service": 5,
      "item": 116,
      "count": 1,
      "unit": "pcs"
    }
  },
  {
    "model": "orders.price",
    "pk": 123,
    "fields": {
      "created": "2020-10-01T01:59:49.285Z",
      "changed": "2020-10-01T01:59:49.285Z",
      "amount": 2495,
      "service": 5,
      "item": 117,
      "count": 1,
      "unit": "pcs"
    }
  },
  {
    "model": "orders.price",
    "pk": 124,
    "fields": {
      "created": "2020-10-01T01:59:49.333Z",
      "changed": "2020-10-01T01:59:49.333Z",
      "amount": 995,
      "service": 5,
      "item": 118,
      "count": 1,
      "unit": "pcs"
    }
  },
  {
    "model": "orders.price",
    "pk": 125,
    "fields": {
      "created": "2020-10-01T01:59:49.377Z",
      "changed": "2020-10-01T01:59:49.377Z",
      "amount": 2295,
      "service": 5,
      "item": 119,
      "count": 1,
      "unit": "pcs"
    }
  },
  {
    "model": "orders.price",
    "pk": 126,
    "fields": {
      "created": "2020-10-01T01:59:49.430Z",
      "changed": "2020-10-01T01:59:49.430Z",
      "amount": 2495,
      "service": 5,
      "item": 120,
      "count": 1,
      "unit": "pcs"
    }
  },
  {
    "model": "orders.price",
    "pk": 127,
    "fields": {
      "created": "2020-10-01T01:59:49.474Z",
      "changed": "2020-10-01T01:59:49.475Z",
      "amount": 2995,
      "service": 5,
      "item": 121,
      "count": 1,
      "unit": "pcs"
    }
  },
  {
    "model": "orders.price",
    "pk": 128,
    "fields": {
      "created": "2020-10-01T01:59:49.526Z",
      "changed": "2020-10-01T01:59:49.527Z",
      "amount": 1995,
      "service": 5,
      "item": 122,
      "count": 1,
      "unit": "pcs"
    }
  },
  {
    "model": "orders.price",
    "pk": 129,
    "fields": {
      "created": "2020-10-01T01:59:49.580Z",
      "changed": "2020-10-01T01:59:49.580Z",
      "amount": 2495,
      "service": 5,
      "item": 123,
      "count": 1,
      "unit": "pcs"
    }
  },
  {
    "model": "orders.price",
    "pk": 130,
    "fields": {
      "created": "2020-10-01T01:59:49.646Z",
      "changed": "2020-10-01T01:59:49.646Z",
      "amount": 2695,
      "service": 5,
      "item": 124,
      "count": 1,
      "unit": "pcs"
    }
  },
  {
    "model": "orders.price",
    "pk": 131,
    "fields": {
      "created": "2020-10-01T01:59:49.695Z",
      "changed": "2020-10-01T01:59:49.695Z",
      "amount": 2995,
      "service": 5,
      "item": 125,
      "count": 1,
      "unit": "pcs"
    }
  },
  {
    "model": "orders.price",
    "pk": 132,
    "fields": {
      "created": "2020-10-01T01:59:49.745Z",
      "changed": "2020-10-01T01:59:49.745Z",
      "amount": 2495,
      "service": 5,
      "item": 126,
      "count": 1,
      "unit": "pcs"
    }
  },
  {
    "model": "orders.price",
    "pk": 133,
    "fields": {
      "created": "2020-10-01T01:59:49.789Z",
      "changed": "2020-10-01T01:59:49.789Z",
      "amount": 2695,
      "service": 5,
      "item": 127,
      "count": 1,
      "unit": "pcs"
    }
  },
  {
    "model": "orders.price",
    "pk": 134,
    "fields": {
      "created": "2020-10-01T01:59:49.839Z",
      "changed": "2020-10-01T01:59:49.840Z",
      "amount": 2995,
      "service": 5,
      "item": 128,
      "count": 1,
      "unit": "pcs"
    }
  },
  {
    "model": "orders.price",
    "pk": 135,
    "fields": {
      "created": "2020-10-01T01:59:49.877Z",
      "changed": "2020-10-01T01:59:49.877Z",
      "amount": 2495,
      "service": 5,
      "item": 129,
      "count": 1,
      "unit": "pcs"
    }
  },
  {
    "model": "orders.price",
    "pk": 136,
    "fields": {
      "created": "2020-10-01T01:59:49.915Z",
      "changed": "2020-10-01T01:59:49.915Z",
      "amount": 2695,
      "service": 5,
      "item": 130,
      "count": 1,
      "unit": "pcs"
    }
  },
  {
    "model": "orders.price",
    "pk": 137,
    "fields": {
      "created": "2020-10-01T01:59:49.962Z",
      "changed": "2020-10-01T01:59:49.962Z",
      "amount": 2995,
      "service": 5,
      "item": 131,
      "count": 1,
      "unit": "pcs"
    }
  },
  {
    "model": "orders.price",
    "pk": 138,
    "fields": {
      "created": "2020-10-01T01:59:50.010Z",
      "changed": "2020-10-01T01:59:50.010Z",
      "amount": 2295,
      "service": 5,
      "item": 132,
      "count": 1,
      "unit": "pcs"
    }
  },
  {
    "model": "orders.price",
    "pk": 139,
    "fields": {
      "created": "2020-10-01T01:59:50.054Z",
      "changed": "2020-10-01T01:59:50.054Z",
      "amount": 2995,
      "service": 5,
      "item": 133,
      "count": 1,
      "unit": "pcs"
    }
  },
  {
    "model": "orders.price",
    "pk": 140,
    "fields": {
      "created": "2020-10-01T01:59:50.101Z",
      "changed": "2020-10-01T01:59:50.101Z",
      "amount": 2295,
      "service": 5,
      "item": 134,
      "count": 1,
      "unit": "pcs"
    }
  },
  {
    "model": "orders.price",
    "pk": 141,
    "fields": {
      "created": "2020-10-01T01:59:50.149Z",
      "changed": "2020-10-01T01:59:50.149Z",
      "amount": 2295,
      "service": 5,
      "item": 135,
      "count": 1,
      "unit": "pcs"
    }
  },
  {
    "model": "orders.price",
    "pk": 142,
    "fields": {
      "created": "2020-10-01T01:59:50.196Z",
      "changed": "2020-10-01T01:59:50.196Z",
      "amount": 2995,
      "service": 5,
      "item": 136,
      "count": 1,
      "unit": "pcs"
    }
  },
  {
    "model": "orders.price",
    "pk": 143,
    "fields": {
      "created": "2020-10-01T01:59:50.232Z",
      "changed": "2020-10-01T01:59:50.232Z",
      "amount": 2795,
      "service": 5,
      "item": 137,
      "count": 1,
      "unit": "pcs"
    }
  },
  {
    "model": "orders.price",
    "pk": 144,
    "fields": {
      "created": "2020-10-01T01:59:50.277Z",
      "changed": "2020-10-01T01:59:50.278Z",
      "amount": 2495,
      "service": 5,
      "item": 138,
      "count": 1,
      "unit": "pcs"
    }
  },
  {
    "model": "orders.price",
    "pk": 145,
    "fields": {
      "created": "2020-10-01T01:59:50.320Z",
      "changed": "2020-10-01T01:59:50.320Z",
      "amount": 3495,
      "service": 5,
      "item": 139,
      "count": 1,
      "unit": "pcs"
    }
  },
  {
    "model": "orders.price",
    "pk": 146,
    "fields": {
      "created": "2020-10-01T01:59:50.369Z",
      "changed": "2020-10-01T01:59:50.369Z",
      "amount": 3995,
      "service": 5,
      "item": 140,
      "count": 1,
      "unit": "pcs"
    }
  },
  {
    "model": "orders.price",
    "pk": 147,
    "fields": {
      "created": "2020-10-01T01:59:50.451Z",
      "changed": "2020-10-01T01:59:50.451Z",
      "amount": 14995,
      "service": 6,
      "item": 141,
      "count": 1,
      "unit": "pcs"
    }
  },
  {
    "model": "orders.price",
    "pk": 148,
    "fields": {
      "created": "2020-10-01T01:59:50.491Z",
      "changed": "2020-10-01T01:59:50.491Z",
      "amount": 29995,
      "service": 6,
      "item": 142,
      "count": 1,
      "unit": "pcs"
    }
  },
  {
    "model": "orders.price",
    "pk": 149,
    "fields": {
      "created": "2020-10-01T01:59:50.539Z",
      "changed": "2020-10-01T01:59:50.539Z",
      "amount": 2495,
      "service": 6,
      "item": 143,
      "count": 1,
      "unit": "pcs"
    }
  },
  {
    "model": "orders.price",
    "pk": 150,
    "fields": {
      "created": "2020-10-01T01:59:50.614Z",
      "changed": "2020-10-01T01:59:50.614Z",
      "amount": 395,
      "service": 7,
      "item": 144,
      "count": 1,
      "unit": "sq_ft"
    }
  },
  {
    "model": "orders.price",
    "pk": 151,
    "fields": {
      "created": "2020-10-01T01:59:50.665Z",
      "changed": "2020-10-01T01:59:50.665Z",
      "amount": 695,
      "service": 7,
      "item": 145,
      "count": 1,
      "unit": "sq_ft"
    }
  },
  {
    "model": "orders.price",
    "pk": 152,
    "fields": {
      "created": "2020-10-01T01:59:50.714Z",
      "changed": "2020-10-01T01:59:50.714Z",
      "amount": 9900,
      "service": 7,
      "item": 146,
      "count": 1,
      "unit": "pcs"
    }
  },
  {
    "model": "orders.service",
    "pk": 1,
    "fields": {
      "created": "2020-10-01T01:59:43.187Z",
      "changed": "2020-10-01T01:59:43.187Z",
      "title": "Laundry",
      "image": ""
    }
  },
  {
    "model": "orders.service",
    "pk": 2,
    "fields": {
      "created": "2020-10-01T01:59:43.661Z",
      "changed": "2020-10-01T01:59:43.661Z",
      "title": "Dry Cleaning",
      "image": ""
    }
  },
  {
    "model": "orders.service",
    "pk": 3,
    "fields": {
      "created": "2020-10-01T01:59:45.253Z",
      "changed": "2020-10-01T01:59:45.253Z",
      "title": "Wash & Folds",
      "image": ""
    }
  },
  {
    "model": "orders.service",
    "pk": 4,
    "fields": {
      "created": "2020-10-01T01:59:45.581Z",
      "changed": "2020-10-01T01:59:45.581Z",
      "title": "Households",
      "image": ""
    }
  },
  {
    "model": "orders.service",
    "pk": 5,
    "fields": {
      "created": "2020-10-01T01:59:46.836Z",
      "changed": "2020-10-01T01:59:46.836Z",
      "title": "Alterations & Repair",
      "image": ""
    }
  },
  {
    "model": "orders.service",
    "pk": 6,
    "fields": {
      "created": "2020-10-01T01:59:50.397Z",
      "changed": "2020-10-01T01:59:50.397Z",
      "title": "Wedding Growns",
      "image": ""
    }
  },
  {
    "model": "orders.service",
    "pk": 7,
    "fields": {
      "created": "2020-10-01T01:59:50.564Z",
      "changed": "2020-10-01T01:59:50.564Z",
      "title": "Rug Area",
      "image": ""
    }
  }
]